Policy_Id,policy_type,coverage_amount,premium_amount,start_date,end_date,customer_id,agent_id,approved_by
1,Auto,544415.7,8619.88,9/7/2022,6/18/2029,41,28,Riya Guha
2,Auto,390089.43,16266.56,9/28/2024,7/1/2026,94,15,Darshit Tak
3,Auto,852362.75,30883.96,3/12/2022,2/13/2026,974,2,Shray Venkatesh
4,Auto,839279.12,30931.11,1/9/2020,11/7/2028,782,49,Taimur Roy
5,Health,523450.74,34317.93,9/17/2023,1/16/2029,939,18,Darshit Walia
6,Health,997250.93,24614.82,1/14/2024,7/13/2028,834,32,Mohanlal Dube
7,Health,523009.36,23375.66,3/6/2022,8/5/2022,329,43,Indrans Sha
8,Health,871959.78,19841.16,12/13/2023,3/1/2026,711,32,Jayan Devi
9,Life,696325.18,23020.35,5/31/2022,5/17/2024,779,36,Mahika Tella
10,Health,509343.32,19153.27,7/18/2021,12/30/2024,332,8,Aaryahi Bal
11,Life,878419.53,42121.72,3/29/2022,11/14/2024,2,43,Vedika Shah
12,Auto,515778.71,7439.18,9/14/2023,9/10/2024,531,24,Heer Lala
13,Auto,780798.84,33143.39,6/13/2020,5/17/2027,779,4,Eshani Chad
14,Health,340350.61,10895.6,12/20/2023,9/18/2027,295,29,Ritvik Tata
15,Auto,536240.62,6299.12,8/4/2023,7/14/2027,646,39,Khushi Joshi
16,Health,738804.54,18983.76,7/13/2023,12/7/2027,15,36,Umang Sarma
17,Life,183888.28,49651.57,11/13/2020,9/27/2028,935,8,Rania Dara
18,Life,952354.67,34146.94,9/2/2020,6/16/2029,158,32,Samar Johal
19,Auto,362675.4,36743.52,1/7/2024,10/19/2026,426,31,Fateh Tank
20,Life,319357.82,29806.93,8/14/2021,5/6/2028,393,13,Raghav Ratti
21,Auto,557416.8,44569.68,10/18/2022,9/19/2025,885,5,Kimaya Kari
22,Life,795407.62,43448.56,1/21/2020,11/20/2027,349,33,Anika Warrior
23,Life,838494.53,17727.75,7/25/2023,1/8/2029,306,38,Sahil Raval
24,Auto,999012.1,27033.82,12/23/2022,11/5/2025,153,29,Anay Anne
25,Auto,535907.25,19959.8,5/29/2020,8/28/2028,782,35,Ehsaan Soni
26,Life,509810.16,19479.98,1/12/2022,12/2/2022,194,45,Anaya Chadha
27,Health,614617.88,15510.31,10/16/2022,10/16/2027,795,27,Emir Ray
28,Health,386358.69,26283.93,5/12/2021,4/1/2026,936,25,Vaibhav Kapur
29,Life,989572.6,40657.71,11/19/2020,4/12/2025,668,10,Tejas Goswami
30,Life,968341.99,10681.08,9/17/2022,5/31/2029,989,38,Shaan Varghese
31,Life,882730.28,44338.57,9/9/2020,2/28/2029,451,7,Reyansh Ravel
32,Auto,919397.51,5690.64,4/29/2024,5/7/2027,148,27,Samarth Brahmbhatt
33,Auto,972961.11,8367.27,3/27/2023,11/8/2025,801,17,Tara Wable
34,Life,660933.46,22886.75,2/4/2022,12/7/2023,83,22,Ryan Brahmbhatt
35,Auto,873407.97,22100.42,2/6/2024,4/1/2025,325,41,Anay Chanda
36,Auto,898694.81,26957.64,11/19/2020,10/3/2021,555,3,Devansh Agarwal
37,Auto,161578.67,33402.25,5/12/2023,11/5/2025,944,19,Arnav Karnik
38,Health,772089.73,24528.72,3/7/2021,7/30/2027,101,49,Indranil Saxena
39,Auto,733501.75,9522.83,4/29/2020,2/21/2022,171,45,Drishya Kashyap
40,Life,913081.66,7069.59,5/15/2023,10/8/2023,816,4,Alisha Dalia
41,Life,422617.01,24380.91,7/16/2023,12/25/2024,251,34,Arhaan Bala
42,Life,609335.26,40663.38,9/6/2024,9/17/2026,175,12,Fateh Shah
43,Health,648542.61,22214.49,9/4/2024,8/4/2027,700,16,Saira Tripathi
44,Life,921546.11,11440.3,6/18/2021,3/5/2028,473,41,Biju Grover
45,Life,513613.45,35007.83,10/24/2019,12/31/2026,921,30,Arnav Issac
46,Life,709849.8,12108.9,8/20/2024,12/9/2027,453,23,Pari Sen
47,Auto,369238.82,48291.31,8/29/2022,4/5/2027,707,17,Purab Sami
48,Life,860773.53,13964.76,10/16/2022,11/13/2023,394,31,Vivaan Dass
49,Health,313485.13,30736.52,9/27/2024,12/27/2026,589,19,Ehsaan Zachariah
50,Auto,365707.68,49007.5,1/13/2020,8/6/2020,675,26,Arhaan Luthra
51,Life,107288.17,43928.03,8/25/2024,11/4/2027,797,48,Yuvaan Shenoy
52,Health,919555.26,38532.75,2/3/2020,2/24/2025,853,19,Vritika Jha
53,Health,646358.5,20854.44,1/9/2021,3/11/2025,652,13,Divit Toor
54,Auto,325564.12,39000.98,11/20/2022,11/27/2023,786,43,Saksham Bhatia
55,Auto,854503.41,33271.16,1/2/2023,1/9/2027,926,41,Kashvi Jani
56,Auto,135480.32,40487.47,1/14/2020,10/10/2025,35,38,Sumer Dada
57,Life,759123.79,9056,6/27/2020,2/2/2025,303,21,Purab Yogi
58,Auto,473952.78,14035.77,4/26/2021,11/4/2022,806,35,Bhamini Thaker
59,Life,577767.14,46106.91,3/14/2020,1/29/2025,851,11,Dhanush Subramanian
60,Life,922644.06,47488.45,3/9/2020,12/7/2027,991,19,Jayan Butala
61,Auto,883357.26,41190.46,1/8/2021,12/17/2028,480,5,Miraya Raju
62,Health,778736.34,15152.66,8/18/2022,12/9/2026,693,47,Sana Iyengar
63,Auto,981948.02,48527.14,12/10/2023,6/7/2026,824,36,Hrishita Seth
64,Life,181272.59,22755.86,3/9/2023,6/19/2023,271,35,Aradhya Soman
65,Health,509307.42,35277.28,2/19/2023,1/4/2029,689,17,Nitya Verma
66,Auto,442922.95,33734.72,4/22/2024,2/19/2028,381,7,Damini Singh
67,Auto,310439.71,6126.11,3/10/2024,9/4/2024,906,36,Ehsaan Balay
68,Life,923730.32,14961.52,7/23/2021,11/2/2021,65,41,Jayant Sankar
69,Life,918448.87,18598.56,9/27/2024,1/7/2026,419,8,Eva Choudhry
70,Health,140812.13,6674.55,11/25/2022,4/18/2024,505,8,Lakshay Kaul
71,Health,311320.03,29189.6,1/2/2024,11/9/2026,398,30,Purab Dhar
72,Life,703437.6,38441.31,4/5/2024,7/7/2024,969,35,Neysa Dara
73,Life,628606.31,37696.96,5/24/2021,8/22/2023,907,27,Ira Sangha
74,Auto,189119.47,27020.62,3/14/2023,11/13/2027,418,18,Yuvraj  Badal
75,Health,721252.6,14777.14,3/5/2022,5/9/2029,456,16,Riya Chad
76,Life,189419.16,35855.61,5/12/2023,4/1/2024,558,42,Samaira Sharaf
77,Life,154495.08,17414.66,12/2/2022,9/6/2025,992,8,Hansh Kaur
78,Life,182506.08,14544.76,10/13/2024,11/21/2026,655,39,Nirvi Raja
79,Health,145520.66,20007.91,8/28/2024,8/23/2028,129,37,Hansh Bhasin
80,Health,161749.14,39432.08,5/3/2022,1/14/2028,213,38,Dhanuk Shanker
81,Health,831747.68,15484.94,1/30/2023,4/16/2028,793,10,Sahil Khalsa
82,Auto,102552,43628.28,1/13/2023,8/27/2023,149,9,Indrajit Ramaswamy
83,Auto,325588.78,12852.37,6/9/2023,1/24/2029,677,2,Prerak Din
84,Health,113374.29,40549.31,7/3/2020,4/5/2021,244,38,Kiaan Konda
85,Life,114202.98,16941.54,10/4/2023,1/14/2024,130,48,Miraya Sahota
86,Life,573476.97,38554.94,4/30/2023,3/24/2027,488,29,Shalv Ahluwalia
87,Life,561914.16,9907.43,7/20/2021,4/13/2024,516,15,Vanya Thaker
88,Auto,139028.53,40245.21,3/27/2021,4/11/2025,888,43,Kabir Shetty
89,Auto,371467.3,33950.33,2/19/2022,7/6/2025,32,4,Trisha Gaba
90,Life,862568.69,24182.31,3/8/2023,4/6/2023,111,32,Heer Sidhu
91,Auto,918730.75,8307.08,11/4/2022,7/30/2023,83,21,Keya Rajagopalan
92,Auto,233500.44,10678.62,1/26/2020,12/14/2026,640,41,Suhana Hegde
93,Auto,593520.79,19633.34,10/21/2021,4/20/2023,612,34,Pari Jaggi
94,Life,508343.88,32244.21,12/6/2023,1/28/2029,102,45,Tara Bhardwaj
95,Health,867513.46,34291.25,6/16/2020,10/25/2028,788,36,Farhan Chana
96,Auto,878943.08,24353.15,10/5/2022,11/20/2027,910,15,Pihu Karan
97,Life,405038.46,25407.45,4/27/2021,2/4/2028,426,47,Yuvaan Raju
98,Health,381293.51,19063.56,4/12/2022,6/19/2023,262,24,Hansh Wable
99,Health,718138.93,26342.05,1/4/2021,12/7/2026,94,6,Inaaya  Dave
100,Health,488688.87,38506.5,5/27/2020,10/16/2029,382,9,Shalv Subramanian
101,Auto,153982.88,48048.11,11/15/2023,3/11/2027,576,22,Ayesha Jain
102,Auto,210008.16,20911.91,12/27/2022,10/7/2028,682,49,Ishaan Buch
103,Life,881282.93,37447.73,12/31/2021,5/3/2029,992,19,Elakshi Yadav
104,Auto,381204.01,9662.03,3/25/2024,3/26/2026,520,14,Adah Amble
105,Health,691062.67,15091.02,1/20/2024,1/11/2029,111,23,Miraan Saini
106,Auto,430804.95,39317.25,3/17/2022,8/12/2022,588,15,Sana Talwar
107,Life,860639.65,48854.6,6/16/2021,6/21/2025,839,40,Vihaan Varghese
108,Auto,707479.04,30053.29,10/4/2020,9/28/2026,624,43,Vidur Johal
109,Auto,340702.95,13118.72,3/31/2024,9/12/2027,720,49,Nayantara Lad
110,Life,929383.77,20796.05,1/2/2020,3/23/2029,186,10,Anya Raja
111,Auto,691610.17,8131.34,12/11/2022,6/28/2026,759,41,Nakul Bal
112,Health,182581.91,28871.72,1/7/2020,11/9/2020,386,27,Zoya Bora
113,Life,406806.38,21652.39,12/4/2023,1/9/2027,739,21,Mannat Chaudhuri
114,Auto,636601.39,44750.4,4/14/2023,11/20/2028,160,11,Ranbir Keer
115,Auto,144786.24,8671.17,11/7/2019,6/29/2022,454,43,Miraan Wason
116,Life,537095.53,24891.99,9/10/2021,7/17/2025,280,14,Prerak Bobal
117,Auto,202435.76,24346.11,10/1/2020,6/3/2024,291,44,Reyansh Kar
118,Auto,633820.83,28712.03,4/21/2021,7/18/2025,316,3,Kavya Chahal
119,Health,455737.06,31969.62,1/10/2021,12/17/2027,8,14,Kaira Gade
120,Life,950791.68,39530.73,1/5/2022,5/10/2023,783,17,Zeeshan Shanker
121,Life,395310.12,5347.85,11/15/2020,1/23/2025,765,28,Vivaan Setty
122,Health,216267.13,28966.21,9/7/2024,1/10/2029,236,33,Hridaan Shetty
123,Auto,850018.78,41279.01,6/8/2022,9/8/2022,74,26,Jayant Sur
124,Auto,138072.04,5843.37,3/8/2024,11/28/2024,944,5,Manjari Krishnamurthy
125,Life,618183.24,30802.99,9/10/2020,10/11/2027,727,41,Nitya Krishna
126,Life,360563.69,23226.45,1/8/2020,8/18/2028,990,21,Kismat Loke
127,Health,821189.94,32815.64,7/29/2024,2/7/2025,852,45,Advik Ratta
128,Life,179316.89,43001.8,7/27/2021,7/15/2023,250,28,Samaira Chakrabarti
129,Auto,460404.83,8539.12,7/11/2023,10/8/2024,892,20,Vanya Dora
130,Auto,405561.95,19988.09,8/9/2022,8/27/2029,173,5,Kabir Khurana
131,Auto,669902.2,28877.22,11/10/2022,12/25/2027,199,50,Himmat Hayer
132,Life,415989.76,48120.05,12/16/2023,12/7/2025,661,10,Prisha Sarraf
133,Health,192524.07,16518.57,12/3/2023,6/12/2025,178,39,Hunar Behl
134,Health,784193.77,34497.91,6/26/2022,6/12/2025,182,50,Hunar Dutta
135,Auto,544705.32,38950.06,3/24/2020,11/12/2021,779,38,Miraya Venkatesh
136,Life,713020.13,44692.17,9/21/2024,4/26/2026,659,41,Jiya Kant
137,Auto,390887.42,48693.79,12/16/2021,1/12/2025,324,10,Dharmajan Sarraf
138,Life,161457.63,24899.36,2/28/2023,1/13/2026,311,18,Aarna Agate
139,Auto,150554.91,27830.16,6/14/2024,11/5/2027,318,30,Urvi Divan
140,Life,133846.52,21593.19,7/26/2022,6/21/2023,294,5,Krish Mannan
141,Auto,877825.03,43488.2,6/3/2023,1/16/2027,630,39,Sara Garde
142,Auto,446034.23,31114.82,10/2/2023,7/3/2026,978,48,Nayantara Mani
143,Health,504760.33,41441.72,4/4/2023,8/13/2026,668,13,Anvi Bali
144,Life,644505.25,27561.53,8/6/2020,4/22/2029,981,4,Lakshit Yadav
145,Life,193151.69,45460.71,12/12/2020,1/4/2021,352,46,Indrans Char
146,Health,554094.1,12765.15,9/5/2024,9/8/2025,254,46,Heer Deep
147,Life,991887.42,28583.08,3/15/2023,1/2/2026,625,11,Baiju Soman
148,Life,435566.78,17730.21,4/19/2023,2/22/2025,419,50,Kavya Saran
149,Life,711007.95,7356.45,2/17/2024,1/9/2027,647,42,Uthkarsh Karnik
150,Life,159320.67,9252.77,5/19/2023,11/23/2028,695,25,Sumer Rao
151,Life,326796.21,43320.48,9/27/2024,5/18/2025,988,39,Zain Master
152,Health,400025.83,31223.28,7/27/2023,1/8/2027,145,23,Seher Chanda
153,Life,970926.86,36431.6,12/22/2020,5/1/2024,402,9,Raghav Dua
154,Auto,737950.61,8812.36,9/1/2024,7/18/2029,573,25,Piya Ben
155,Auto,812495.76,41593.32,4/6/2022,4/3/2024,687,45,Nitya Agate
156,Auto,997447.7,46060.16,2/2/2022,10/7/2023,96,42,Indrans Divan
157,Auto,481065.73,21282.26,9/6/2020,10/17/2027,372,20,Adah Chaudhary
158,Health,956052.38,20377.96,10/26/2020,4/13/2029,785,32,Anaya Singhal
159,Health,303888.74,11190.44,2/10/2022,2/19/2028,80,19,Hunar Chana
160,Health,556920.74,29289.68,1/13/2021,9/18/2022,757,34,Pihu Dora
161,Health,695736.31,44437.67,12/1/2020,10/1/2022,633,9,Kartik Kunda
162,Auto,439047.88,12301.12,8/3/2020,1/25/2021,852,45,Onkar Kapadia
163,Auto,828139.35,12449.26,7/15/2021,6/2/2022,449,3,Shaan Bedi
164,Life,427869.47,37381.36,1/26/2020,1/27/2023,993,29,Hrishita Dani
165,Auto,356435.14,38684.14,7/24/2024,5/5/2027,460,15,Dishani Shah
166,Auto,315251.65,48451.85,7/21/2021,7/21/2023,804,31,Anika Bedi
167,Health,431056.86,47620.86,1/4/2020,1/31/2025,452,30,Lakshay Shah
168,Life,800311.63,27630.8,7/19/2022,4/17/2023,429,11,Samar Sachar
169,Health,821133.3,11227.93,6/7/2023,8/27/2029,257,4,Pari Sathe
170,Auto,532531.59,21704.54,4/23/2022,3/22/2024,957,7,Rasha Kannan
171,Auto,861303.05,43302.47,6/18/2020,7/23/2021,292,6,Manikya Swaminathan
172,Health,345512.17,45738.78,6/19/2021,12/5/2027,151,28,Pranay Kapoor
173,Health,951771.94,14991.71,7/11/2020,8/16/2026,462,23,Lakshit Dara
174,Health,473407.22,22840.43,2/8/2024,7/8/2025,383,16,Romil Bhagat
175,Life,995072.82,21871.07,12/5/2023,6/1/2027,29,21,Prisha Sandal
176,Health,855258.66,34248.23,1/20/2021,8/10/2021,811,10,Hrishita Bhavsar
177,Health,134472.87,46282.83,8/24/2024,9/5/2029,484,45,Shlok Som
178,Health,782957.04,26109.96,6/28/2024,11/4/2024,631,1,Drishya Doshi
179,Health,117103.5,14704.46,10/1/2022,9/1/2026,154,36,Pari Mallick
180,Auto,647992.09,24046.46,5/10/2023,3/23/2028,795,19,Tanya Manda
181,Health,371036.08,7148.73,3/5/2024,11/24/2024,430,41,Shanaya Chakrabarti
182,Auto,511402.25,9988.61,12/10/2022,6/8/2025,927,32,Emir Dora
183,Auto,582448.41,33437.97,7/18/2022,8/29/2024,589,16,Shayak Bedi
184,Auto,229219.16,24315.75,7/4/2021,5/9/2023,630,23,Faiyaz Srivastava
185,Health,613597.34,13429.13,9/12/2021,3/22/2025,685,6,Rania Dhillon
186,Auto,977189.04,8045.57,2/1/2023,10/12/2023,539,35,Divyansh Kala
187,Auto,807771.1,27843.02,11/23/2019,4/25/2025,21,25,Nakul Chowdhury
188,Life,139180.98,22409.66,8/27/2023,6/14/2029,383,17,Anya Shetty
189,Auto,114618.01,40483.4,10/26/2021,1/26/2025,354,16,Dhanush Bhatt
190,Auto,691393.96,9664.87,1/15/2024,3/31/2026,596,48,Aarush Joshi
191,Life,220068.63,20853.46,12/28/2022,1/9/2025,347,42,Jayant Bhagat
192,Health,847345.29,35810.72,8/29/2023,2/26/2028,713,31,Aarav Saini
193,Auto,264050.2,11068.37,2/7/2023,5/22/2028,734,50,Hiran Rajan
194,Life,133285.41,14071.59,6/6/2023,3/23/2027,811,13,Baiju Deshpande
195,Health,384036.24,18953.41,7/23/2020,11/16/2027,408,35,Manjari Chaudhari
196,Life,327982.39,38898.09,5/10/2020,2/25/2022,196,19,Ahana  Majumdar
197,Life,875924.68,7151.18,8/26/2023,4/26/2026,672,22,Prisha Dayal
198,Life,212027.51,21560.86,12/25/2023,3/7/2026,911,26,Vanya Wagle
199,Auto,495762.97,48041.54,10/18/2020,3/30/2023,348,12,Shray Dasgupta
200,Life,722861.64,21530.61,10/29/2020,7/14/2028,817,34,Shaan Sura
201,Life,821033.28,37718.66,10/24/2019,3/29/2024,81,28,Ehsaan Kalla
202,Auto,995588.35,13120.54,10/3/2020,10/9/2025,301,21,Hrishita Uppal
203,Health,172062.02,34741.36,2/11/2022,7/12/2022,314,29,Lavanya Viswanathan
204,Auto,745896.62,12499.01,10/7/2023,10/31/2024,455,23,Anvi Ganguly
205,Life,138119.65,44151.67,3/13/2022,2/19/2025,362,40,Aaina Tank
206,Life,347099.82,49101.23,4/16/2020,4/18/2025,971,4,Pranay Bhattacharyya
207,Health,704065.5,23279.46,10/30/2022,6/10/2028,526,48,Mannat Goda
208,Auto,243988.05,6401.33,2/20/2023,10/22/2024,870,39,Parinaaz Setty
209,Auto,803180.77,6565.95,4/12/2020,12/28/2023,69,16,Neelofar Dyal
210,Auto,429695.63,22228.45,3/2/2021,10/16/2029,581,3,Kanav Bhardwaj
211,Auto,238094.35,25246.52,8/3/2021,11/7/2022,380,24,Aradhya Kunda
212,Life,786776.02,30826.48,8/22/2021,3/30/2029,543,24,Krish Gola
213,Life,382946.9,17541.04,5/11/2024,6/18/2027,984,8,Mahika Kata
214,Health,762107.37,27456.98,10/8/2023,4/1/2027,397,36,Drishya Golla
215,Health,335599.01,16713.04,2/27/2024,6/28/2027,457,14,Hridaan Ganesh
216,Auto,357019.19,46241.55,2/5/2022,1/9/2024,503,13,Rania Jani
217,Health,222155.58,8332.34,6/21/2021,1/18/2025,177,46,Jayesh Krishnamurthy
218,Life,997536.16,41473.09,1/13/2024,11/9/2024,991,21,Anahi Tak
219,Auto,412682.77,7922.26,10/15/2020,3/23/2028,556,19,Lakshit Ray
220,Life,866225.85,37031.41,9/19/2022,10/17/2027,950,45,Shray Chatterjee
221,Auto,256681.91,21267.15,2/3/2022,3/26/2025,230,8,Aarna Salvi
222,Health,812859.11,15653.13,8/20/2024,1/25/2029,506,2,Damini Sood
223,Life,598619.29,21601,11/23/2020,5/19/2025,823,36,Miraan Srinivas
224,Health,650753.53,8879.7,4/27/2020,3/5/2028,317,26,Elakshi Ganesan
225,Auto,746982.69,28656.3,7/27/2022,6/22/2028,788,27,Gatik Kapoor
226,Auto,166375.64,48757.09,9/27/2024,6/23/2026,658,5,Madhup Basak
227,Life,519249.88,28281.2,6/17/2022,4/10/2027,132,50,Prerak Buch
228,Auto,675814.54,13188.34,5/29/2020,6/20/2026,990,9,Sahil Sen
229,Life,552577.41,44069.52,2/1/2020,11/30/2026,852,8,Vidur Borah
230,Auto,237713.92,12409.57,6/14/2022,8/31/2023,331,46,Bhamini De
231,Health,411420.77,47340.68,1/31/2020,5/5/2025,917,19,Vanya Goyal
232,Health,325544.78,33577.57,2/25/2021,5/26/2029,565,18,Vritika Anne
233,Health,662520.13,32649.27,7/6/2021,8/22/2024,96,33,Anahi Kale
234,Auto,251772.31,47372.31,1/14/2023,1/2/2025,158,11,Alisha Subramanian
235,Auto,662031.27,45590.04,7/23/2023,5/28/2028,346,37,Samarth Barad
236,Health,842712.64,6276.81,10/22/2019,9/20/2029,47,42,Vivaan Sarraf
237,Auto,338190.32,14486.38,10/23/2022,4/30/2029,586,27,Misha Varghese
238,Auto,675092.07,27411.71,3/18/2022,5/28/2022,643,35,Jayan Thaker
239,Life,677716.56,18594.24,9/29/2021,2/17/2024,251,44,Ehsaan Golla
240,Life,367690.48,8283.79,2/27/2020,10/12/2024,62,11,Riya Shanker
241,Life,474059.57,25899.9,5/2/2020,10/27/2028,349,39,Drishya Bose
242,Health,381324.25,37326.33,8/6/2024,11/19/2025,752,23,Baiju Raj
243,Life,217689.54,21674.31,1/8/2021,6/5/2026,576,7,Tanya Sarma
244,Life,317564.07,10513.49,8/5/2021,11/7/2026,461,16,Aarush Chakraborty
245,Health,187130.49,18059.54,10/11/2024,10/21/2027,394,40,Chirag Srinivas
246,Life,323443.25,43938.84,8/7/2020,10/8/2025,164,21,Onkar Zacharia
247,Auto,749015.59,13542.53,8/5/2023,2/3/2025,164,32,Rhea Ghose
248,Auto,520133.61,44558.4,12/13/2022,9/8/2025,510,2,Nakul Khosla
249,Health,950709.52,27745,2/2/2024,9/7/2025,990,16,Ojas Ramesh
250,Health,625009.7,7189.62,1/4/2024,12/10/2026,289,32,Rati Solanki
251,Auto,894105.53,34441.7,4/18/2022,12/16/2024,482,19,Inaaya  Dhaliwal
252,Auto,107359.67,9837.37,3/19/2022,5/16/2023,138,17,Mehul Chaudhari
253,Auto,429199.88,23146.43,8/5/2021,8/6/2028,47,26,Urvi Yogi
254,Health,613253.48,13759.49,7/19/2024,3/5/2029,567,19,Samiha Verma
255,Health,447713.94,25265.95,4/30/2023,3/29/2026,564,18,Kaira Bail
256,Auto,712358.78,10346.5,7/25/2021,8/18/2027,999,7,Jhanvi Chaudhry
257,Life,435878.5,49405.44,4/2/2020,10/6/2029,572,24,Ritvik Basu
258,Health,279152.09,27910.51,7/29/2021,12/3/2021,513,3,Aarna Sundaram
259,Health,135022.57,37111.63,3/21/2020,2/13/2027,824,31,Nitara Varughese
260,Auto,511289.7,32281.72,1/14/2022,11/17/2028,528,9,Krish Goswami
261,Life,938231.86,19333.85,8/13/2024,9/7/2026,403,40,Fateh Kibe
262,Auto,858341.73,31717.61,12/2/2023,3/27/2029,520,33,Lagan Dhar
263,Auto,540861.99,30331.59,10/16/2021,9/29/2029,487,2,Tara Sarraf
264,Life,398115.63,9932.21,8/31/2023,8/9/2024,427,38,Divyansh Rattan
265,Life,817079.33,37639.59,4/27/2024,9/4/2025,705,41,Zaina Handa
266,Health,637218.65,16948.87,12/12/2019,4/29/2027,672,50,Jiya Butala
267,Auto,619870.96,37463.01,9/2/2021,3/29/2022,598,31,Anahi Ravi
268,Health,571809.1,37453.23,3/26/2024,3/13/2025,794,25,Nitara Swaminathan
269,Health,839495.16,15898.85,1/13/2020,4/15/2029,587,45,Indrans Virk
270,Health,271705.9,24846.74,10/21/2021,8/13/2029,429,10,Yakshit Mani
271,Life,721450.23,23466.98,11/19/2023,12/8/2023,794,40,Yasmin Trivedi
272,Life,885535.94,38112.68,10/30/2022,8/27/2026,64,46,Nakul Srinivas
273,Health,566814.89,30239.9,11/5/2022,6/11/2026,679,31,Purab Sahni
274,Auto,439142.3,48050.85,5/6/2020,7/11/2021,471,35,Stuvan Dhingra
275,Life,591645.9,35414.09,8/23/2023,7/18/2029,889,47,Elakshi Hayre
276,Auto,678978.19,36199.1,12/2/2021,12/14/2026,625,31,Ishaan Dua
277,Health,961603.66,17555.29,12/11/2019,8/11/2022,306,15,Damini Sarna
278,Life,794056.84,36720.54,1/13/2022,5/2/2027,707,46,Bhavin Chowdhury
279,Life,385336.67,20696.14,5/26/2020,6/23/2028,957,47,Misha Barad
280,Life,359010.44,30806.46,1/9/2022,10/1/2024,557,25,Mahika Bains
281,Life,836539.71,47957.4,1/2/2020,4/4/2023,824,10,Tiya Khatri
282,Life,137859.84,47989.12,12/24/2020,5/20/2027,81,23,Mannat Garde
283,Life,690374.85,38630.23,10/21/2021,9/15/2026,220,13,Anay Handa
284,Auto,344019.45,30290.81,11/22/2023,10/25/2025,279,9,Lakshit Lad
285,Health,654109.33,31407.37,5/15/2021,2/24/2025,249,4,Samar Tank
286,Auto,914665.77,15155.22,8/23/2021,9/15/2029,239,4,Hrishita Sami
287,Health,471971.23,37281.11,4/1/2020,4/12/2023,103,44,Kashvi Hayer
288,Health,104663.3,29765.87,2/17/2023,7/25/2027,952,11,Miraan Mallick
289,Life,687603.52,44629.14,11/19/2022,7/18/2027,488,31,Samaira Gandhi
290,Auto,279510.38,48376.13,5/9/2021,8/1/2021,329,19,Aarav Sangha
291,Auto,153246.33,39592.62,10/2/2020,12/12/2026,668,37,Romil Soman
292,Health,581637.05,37540.3,6/4/2022,2/8/2027,960,3,Ayesha Rajan
293,Health,476096.48,42692.22,1/1/2021,1/25/2021,957,3,Purab Balakrishnan
294,Life,809164.57,13384.02,12/2/2022,10/23/2023,767,19,Abram Chandra
295,Health,108340.45,30558.28,12/12/2020,11/3/2023,110,22,Saira Sachdev
296,Life,508914.17,33859.06,8/25/2023,7/12/2027,537,32,Mannat Ramesh
297,Health,865953.76,26060.93,4/7/2020,7/18/2022,198,8,Vanya Dass
298,Life,246244.84,25651.15,4/22/2024,5/11/2026,264,46,Anay Chawla
299,Health,112675.78,20170.05,4/19/2021,5/27/2021,303,37,Emir Sengupta
300,Auto,781554.48,12897.27,3/31/2020,2/25/2024,877,41,Hansh Kumar
301,Life,844290.84,28187.63,5/17/2020,4/22/2021,89,26,Suhana Wadhwa
302,Auto,185846.6,49175.83,8/31/2023,2/16/2025,489,21,Alia Gade
303,Health,106147.11,22260.85,11/3/2022,10/24/2023,458,49,Adah Chhabra
304,Life,958631.34,18587.56,9/29/2023,3/20/2024,741,37,Bhamini Singh
305,Health,335397.84,21179.84,6/6/2023,12/31/2028,242,4,Lakshay Sarna
306,Auto,206402.36,18806.29,12/31/2019,1/26/2023,416,44,Stuvan Behl
307,Auto,930795.41,44951.06,10/10/2023,1/24/2027,789,20,Adira Tiwari
308,Auto,205674.17,46225.87,5/1/2024,8/18/2029,303,24,Fateh Zachariah
309,Auto,298764.32,48081.22,3/14/2021,7/9/2029,490,10,Zeeshan Buch
310,Life,772961.35,32258.25,8/22/2020,3/5/2024,426,45,Romil Gopal
311,Auto,921517.2,39080.77,9/16/2024,9/1/2027,822,43,Navya Rastogi
312,Health,785673.66,35615.39,12/5/2022,4/24/2026,611,6,Vivaan Buch
313,Auto,502073.18,36669.48,5/6/2020,4/4/2023,80,37,Kismat Babu
314,Health,155582.24,29644.22,10/6/2024,8/2/2029,518,13,Rohan Barad
315,Auto,582994.14,12404.17,5/5/2022,7/31/2026,875,34,Lakshay Sidhu
316,Life,204616.02,14243.07,7/15/2023,3/4/2027,598,32,Tanya Kara
317,Health,909000.42,25046.72,7/12/2024,1/7/2026,57,30,Zeeshan Dhingra
318,Health,561923.06,25555.93,2/15/2024,2/18/2027,60,36,Sahil Kothari
319,Life,705490.94,18867.63,7/9/2023,1/26/2027,23,26,Nitara Edwin
320,Life,834807.9,38561.2,1/11/2024,2/29/2028,593,5,Samarth Bhargava
321,Health,481327.65,36517.32,7/28/2024,1/12/2028,555,4,Baiju Hora
322,Health,987523.52,26243.2,10/1/2023,11/4/2028,294,27,Ranbir Venkatesh
323,Health,792074.86,39462.25,9/2/2022,3/27/2023,747,42,Umang Master
324,Life,437014.83,45110.01,11/6/2019,3/4/2025,460,25,Shalv Jhaveri
325,Life,172224.99,48386.5,1/31/2024,12/18/2027,896,35,Sahil Viswanathan
326,Health,688180.69,20649.64,3/18/2021,6/8/2028,183,35,Uthkarsh Ramaswamy
327,Life,575958.29,37753.62,1/19/2024,4/19/2029,229,1,Azad Vala
328,Health,980641.61,25835.18,6/10/2024,11/3/2024,737,35,Prisha Issac
329,Life,578740.25,42051.22,4/8/2023,4/28/2023,254,30,Madhup Kulkarni
330,Life,239609.24,13481.62,5/13/2021,8/27/2025,897,47,Arhaan Sehgal
331,Health,128995.58,34708.9,4/26/2022,3/9/2023,630,50,Hridaan Singh
332,Health,316599.66,8028.09,10/3/2023,7/25/2026,609,3,Yasmin Rau
333,Life,638006.41,36647.88,3/9/2021,8/27/2021,50,16,Jivin Ganesh
334,Auto,139813.06,24753.33,4/16/2021,2/27/2023,553,14,Tiya Soni
335,Health,226122.02,49706.75,9/16/2021,6/25/2026,240,47,Jayant Mannan
336,Auto,387013.33,31906.3,3/14/2022,6/15/2024,689,21,Himmat Yadav
337,Health,371587.99,11446.72,12/29/2023,3/17/2027,677,34,Samarth Sem
338,Health,472204.19,17381.93,8/14/2020,8/12/2025,571,38,Prerak Rajagopal
339,Auto,920419.9,33169.69,10/24/2023,3/3/2029,438,36,Saksham Sampath
340,Life,142195.69,20498.67,8/19/2020,11/14/2022,659,43,Raghav Goyal
341,Life,807224.14,19343.05,7/26/2024,8/27/2029,427,27,Samiha Mahajan
342,Health,369899.64,13274.55,6/19/2022,5/13/2024,551,31,Shalv Krishna
343,Health,864406.84,18533.14,4/19/2022,2/24/2027,725,10,Adah Rajagopal
344,Life,923267.06,30307.37,10/4/2022,8/26/2024,992,27,Tarini Roy
345,Auto,576992.63,22478.86,9/10/2022,11/28/2023,262,14,Ira Sehgal
346,Life,682035.27,46500.17,10/31/2023,5/18/2029,868,24,Dhanush Bhattacharyya
347,Health,582071.98,42323.28,11/11/2019,7/31/2029,53,18,Chirag Mahal
348,Life,706304.73,32131.49,7/26/2020,1/5/2029,895,5,Tanya Mani
349,Health,824185.56,31441.27,9/11/2023,10/24/2025,688,36,Gatik Baral
350,Health,531454.79,44126.32,3/31/2022,5/30/2027,341,20,Nakul Cheema
351,Health,290626.99,13551.07,5/29/2023,8/16/2023,760,8,Baiju Dugar
352,Auto,999614.81,26551.44,10/30/2019,8/15/2024,249,45,Lavanya Sheth
353,Auto,733391.72,22848.44,2/12/2023,7/8/2028,246,36,Miraya Sagar
354,Life,797962.49,22129.78,8/26/2023,3/2/2029,547,42,Biju Atwal
355,Life,377580.06,21184.01,11/19/2022,2/17/2028,904,32,Tejas Soni
356,Life,188747.41,49159.33,3/23/2024,12/29/2025,481,49,Pari Dhillon
357,Life,922897.45,21681.72,11/5/2022,12/14/2027,424,3,Jayan Basu
358,Auto,877676.36,38356.36,12/11/2019,1/15/2025,17,17,Advik Sandhu
359,Auto,941282.43,31061.43,2/18/2024,8/20/2026,428,19,Drishya Chander
360,Health,276572.6,15350.84,6/10/2024,10/10/2029,584,16,Samarth Deshmukh
361,Life,595578.28,47455.9,8/26/2024,12/15/2024,346,17,Ira Kant
362,Life,969857.44,33876.25,4/13/2021,10/19/2026,503,30,Arhaan Sastry
363,Health,759495.01,20847.93,12/23/2022,8/14/2025,144,47,Shamik Wali
364,Auto,539484.69,46260.47,10/30/2020,8/25/2021,556,42,Amira Goyal
365,Health,571549.97,42758.08,8/12/2023,7/29/2027,77,43,Ahana  Thakkar
366,Health,787904.96,23557.65,9/23/2024,12/14/2027,863,41,Pihu Iyer
367,Health,161171.15,11796.33,8/3/2020,10/19/2027,224,33,Faiyaz Cherian
368,Life,435880.62,32802.59,11/28/2022,10/6/2023,683,40,Hrishita Deep
369,Life,693355.91,5707.93,7/15/2024,4/12/2026,545,36,Kismat Dugar
370,Life,110665.87,28823.79,11/12/2022,11/12/2027,282,35,Heer Buch
371,Life,115428.34,41592.07,12/3/2023,11/10/2027,691,28,Rania Jayaraman
372,Health,196314.79,9334.13,10/5/2024,11/17/2025,153,16,Zeeshan Ram
373,Health,657802.76,16358.82,9/28/2020,2/11/2027,363,18,Jivika Samra
374,Life,171117.32,48168.4,12/11/2021,1/12/2027,471,37,Adira Wali
375,Health,991209.73,15163.58,12/24/2019,11/20/2028,701,6,Charvi Kala
376,Auto,992507.23,34245.25,11/10/2020,3/10/2021,33,6,Jayan Sawhney
377,Life,441337.62,29871.56,9/20/2021,9/24/2024,58,41,Nirvi Biswas
378,Health,732560.64,8720.88,1/13/2020,6/8/2024,866,28,Khushi Sathe
379,Auto,805938.68,30463.55,1/25/2023,1/11/2028,879,7,Shamik Sridhar
380,Auto,927236.99,15339.49,10/18/2023,7/17/2025,923,45,Kismat De
381,Auto,527950.26,7095.29,6/16/2021,3/29/2026,77,44,Myra Sahota
382,Life,909380.49,30357.94,5/27/2023,2/7/2025,34,12,Anvi Gola
383,Life,114092.29,14322.12,8/16/2024,12/23/2028,148,49,Kiara Saraf
384,Auto,838812.15,46799.37,7/11/2020,8/27/2024,307,11,Renee Lalla
385,Auto,316424.97,42559.28,1/15/2024,1/23/2024,399,44,Jhanvi Kuruvilla
386,Auto,398556.86,39002.42,7/22/2020,1/16/2022,144,45,Saira Dalia
387,Auto,170584.92,38545.55,10/15/2021,7/24/2028,355,4,Manjari Gaba
388,Health,493379.43,42740.36,2/28/2021,9/15/2024,349,39,Divit Deol
389,Auto,959372.56,22851.64,10/20/2021,3/21/2023,793,21,Dhanush Rau
390,Health,670710.65,40259.67,7/25/2023,9/1/2023,462,32,Tara Singh
391,Health,420230.08,47351.43,8/21/2020,2/5/2023,443,12,Damini Kibe
392,Auto,627287.61,22103.27,5/6/2023,5/20/2025,791,40,Shanaya Kumer
393,Life,818249.66,37089.88,12/6/2023,3/3/2029,85,18,Drishya Seshadri
394,Health,441999.99,40275.06,5/21/2020,8/26/2023,158,48,Jayant Shan
395,Life,385010.41,9794.79,3/25/2020,11/11/2028,6,20,Jivin Wable
396,Life,423925.75,17139.49,4/6/2020,6/15/2025,136,6,Ela Din
397,Health,487881.56,30064.33,11/2/2021,3/1/2029,525,27,Faiyaz Ramakrishnan
398,Health,123635.71,20926.14,12/23/2023,5/9/2028,96,39,Zeeshan Wable
399,Auto,805994.85,43867.32,12/22/2021,12/17/2026,13,19,Anika Bhalla
400,Life,449019.6,8811.48,2/4/2020,1/15/2025,923,36,Oorja Virk
401,Health,614764.39,12631.23,9/13/2022,12/28/2027,390,11,Abram Sarraf
402,Health,342027.07,17078.31,5/22/2021,9/26/2025,150,5,Ivan Bhavsar
403,Health,491208.64,23949.61,2/21/2022,8/24/2028,496,5,Charvi Bains
404,Life,326529.76,16096.55,11/10/2020,8/27/2024,641,32,Nakul Kota
405,Auto,655001.91,25603.77,12/28/2023,9/27/2029,139,20,Lakshay Dave
406,Health,953941.12,19949.77,2/6/2020,11/29/2023,636,25,Shlok Shankar
407,Life,496200.63,24377.73,10/29/2023,9/15/2028,844,42,Shamik Sathe
408,Auto,222512.02,19429.93,7/29/2020,1/17/2029,971,45,Mamooty Das
409,Health,531108.77,12993.68,10/4/2022,3/9/2027,408,21,Mehul Jayaraman
410,Life,761386.93,33480.61,1/24/2024,6/14/2025,991,37,Badal Baria
411,Health,393297.61,17613.51,8/25/2022,12/22/2023,805,26,Mannat Kadakia
412,Life,202499.04,30373.27,7/4/2024,8/21/2027,607,35,Yuvaan Chahal
413,Health,713541.37,29754.46,6/29/2020,1/24/2022,976,47,Alisha Agrawal
414,Life,948677.42,14434.18,4/4/2020,5/9/2027,817,19,Azad Kurian
415,Auto,162242.8,43150.46,12/19/2020,10/7/2022,815,27,Priyansh Ahluwalia
416,Auto,549372.89,33500.12,9/10/2023,4/10/2029,248,17,Adah Dhar
417,Auto,238728.91,24040.76,9/4/2022,5/9/2028,387,5,Vidur Bose
418,Life,991630.55,26565.56,9/10/2024,10/12/2025,411,35,Tanya Sarin
419,Auto,931146.18,44133.52,11/20/2021,6/11/2029,429,35,Azad Ravel
420,Health,811648.83,21178.83,8/27/2020,6/9/2022,917,35,Purab Dave
421,Auto,674362.33,8824.19,1/4/2023,8/14/2027,788,16,Anay Rajagopal
422,Auto,698224.5,12485.23,12/5/2020,5/2/2022,628,3,Diya Master
423,Auto,985247.39,35486.24,12/26/2021,1/4/2025,410,49,Oorja Sen
424,Life,969145.1,24370.5,10/8/2024,2/18/2027,11,7,Hridaan Goda
425,Life,299800.97,38608.39,4/23/2022,4/10/2026,572,38,Nirvi Yogi
426,Auto,617711.86,25060.03,4/9/2020,3/8/2025,401,30,Ojas Srivastava
427,Auto,629730.96,27520.96,5/30/2022,6/24/2023,354,2,Alia Toor
428,Life,194094.42,23718.89,11/14/2022,5/16/2026,985,6,Jiya Dave
429,Health,848185.97,37856.78,10/17/2024,10/22/2024,357,20,Veer Gaba
430,Life,509799.37,14309.03,8/29/2020,6/25/2025,495,23,Pranay Dua
431,Life,187860.73,37489.73,5/19/2023,4/12/2029,464,21,Aradhya Dubey
432,Health,370237.67,41458.37,3/13/2024,10/10/2024,118,2,Seher Dutt
433,Life,683172.93,35471.27,3/1/2021,7/23/2026,169,48,Renee Wali
434,Health,564394.51,29835.96,2/26/2024,7/1/2028,339,36,Rohan Gupta
435,Life,962616.36,15433.5,7/4/2022,8/26/2022,415,41,Anay Dass
436,Health,267748.23,34578.86,10/30/2021,7/12/2022,406,2,Ivana Din
437,Auto,652696.24,13879.6,2/14/2021,6/3/2022,607,28,Kimaya Bawa
438,Life,104005.04,14665.82,9/15/2021,4/24/2028,286,49,Rati Ramanathan
439,Auto,827856.81,7815.37,1/19/2024,12/11/2026,105,35,Eshani Choudhary
440,Health,429213.73,13868.34,8/17/2021,10/10/2025,117,17,Anya Wason
441,Auto,876372.89,28747.18,12/5/2020,6/8/2028,655,21,Taran Dass
442,Auto,449775.33,22664.48,2/3/2021,11/14/2023,117,23,Farhan Butala
443,Life,860966.02,32781.32,7/2/2022,12/26/2028,834,44,Saanvi Chaudry
444,Auto,820552.04,46340.72,4/14/2024,1/28/2026,605,6,Tanya Bawa
445,Auto,220552.99,10303.77,5/20/2021,10/31/2023,313,8,Hiran Chana
446,Health,435975.46,11361.13,10/3/2021,2/10/2029,398,27,Hunar Bains
447,Auto,224080.57,22266.95,8/2/2023,2/11/2026,191,32,Kismat Khurana
448,Auto,583641.34,46362.24,9/28/2022,7/31/2024,954,12,Badal Sandal
449,Auto,250178.97,17997.56,3/30/2020,7/21/2027,192,21,Ishaan Dalal
450,Life,657468.98,43948.5,7/16/2024,4/6/2029,975,1,Amani Cheema
451,Life,222881.24,41684.72,9/22/2021,11/23/2024,987,36,Divit Acharya
452,Auto,687762.78,23411.05,4/26/2024,3/22/2027,504,27,Navya Karpe
453,Auto,855902.62,26991.48,11/30/2022,12/11/2025,85,37,Zeeshan Chowdhury
454,Health,816292.8,14923.83,2/26/2021,8/24/2022,34,18,Yasmin Solanki
455,Health,583847.76,12569.4,12/12/2022,10/18/2023,469,37,Ivana Lal
456,Auto,795292.87,27289.1,10/2/2022,4/5/2029,524,8,Eva Bhat
457,Auto,202785.99,39880.09,8/25/2020,3/31/2025,844,24,Jhanvi Bhasin
458,Auto,840349.84,6872.47,1/11/2024,10/16/2028,737,29,Reyansh Bir
459,Auto,296687.74,24131.96,10/27/2019,10/28/2026,754,42,Kanav Chaudhry
460,Health,367938.04,49969.07,7/8/2022,5/27/2025,461,17,Zoya Dubey
461,Life,875979.66,8914.24,6/19/2021,1/22/2023,887,8,Jivika Sandhu
462,Health,288890.35,38192.58,8/30/2023,9/19/2029,706,23,Tiya Raju
463,Auto,649235.62,24267.52,8/2/2023,9/1/2024,631,9,Purab Bakshi
464,Health,832176.88,41244.82,8/10/2024,6/11/2026,584,23,Riaan Borah
465,Auto,352976.52,29244.58,2/27/2022,10/1/2028,332,46,Mishti Som
466,Life,360399.92,17030.44,1/28/2020,6/27/2020,879,33,Pihu Shanker
467,Auto,833662.82,11101.5,9/17/2023,8/15/2025,769,27,Uthkarsh Char
468,Health,993237.6,44017.14,9/8/2021,10/28/2022,130,45,Neelofar Comar
469,Health,324709.52,37012.77,11/1/2019,8/9/2028,849,16,Tarini Chada
470,Auto,453430.68,11397.72,5/28/2022,7/26/2024,648,18,Damini Dar
471,Auto,472802.58,25339.63,9/3/2024,11/30/2024,649,50,Fateh Wason
472,Health,462565.7,38741.11,12/14/2020,5/17/2022,712,24,Tejas Kota
473,Life,955228.67,19728.02,5/23/2024,5/24/2029,3,50,Kismat Barad
474,Auto,183827.49,48746.76,3/23/2020,9/19/2022,651,43,Faiyaz Mane
475,Auto,422400.46,7849.88,1/31/2024,9/8/2029,548,26,Anaya Singhal
476,Health,971315.72,42118.14,3/9/2021,12/18/2025,507,18,Nehmat Ratta
477,Life,845509.26,20198.98,11/12/2022,5/13/2024,592,9,Advika Handa
478,Auto,867180.32,40473.66,8/27/2024,8/12/2029,916,44,Taimur Bora
479,Health,141348.63,33178.08,5/26/2024,3/11/2026,857,30,Divij Soman
480,Health,211813.46,43594.32,8/11/2024,7/21/2028,452,30,Dishani Mani
481,Health,992654.41,24250.97,11/2/2022,9/29/2023,706,9,Yuvaan Gola
482,Auto,371678.95,44349.05,4/13/2020,2/4/2022,898,18,Baiju Grewal
483,Health,689129.17,16267.52,2/24/2022,9/2/2024,381,43,Suhana Bora
484,Auto,248972.57,22835.37,10/10/2023,6/30/2027,313,47,Biju Bhardwaj
485,Auto,779708.94,24315.39,11/16/2020,8/28/2024,94,46,Vidur Biswas
486,Health,100977.67,26456.3,9/9/2022,9/12/2026,136,38,Divij Arora
487,Health,567499.83,25028.01,2/2/2020,6/1/2020,9,45,Veer Vasa
488,Life,835398.12,49466.97,4/19/2023,9/5/2029,433,45,Anaya Vasa
489,Health,529930.22,15302.61,6/17/2022,6/29/2024,92,47,Nayantara Dani
490,Health,192881.38,21540.28,6/20/2024,10/7/2026,307,9,Navya Taneja
491,Life,796114.44,38892.1,7/29/2020,2/27/2025,137,42,Damini Barad
492,Auto,228567.76,28872.87,2/8/2023,1/12/2025,9,40,Jayesh Bera
493,Auto,247704.89,20803.45,4/13/2021,8/9/2022,219,41,Kartik Jani
494,Auto,236236.72,23526.95,6/13/2021,10/20/2029,704,29,Himmat Gandhi
495,Health,178019.23,9520.93,10/6/2020,5/9/2022,771,8,Kimaya Saini
496,Auto,757008.23,20819.1,3/27/2024,7/2/2024,440,21,Tanya Sem
497,Health,323007.74,34007.93,7/15/2020,6/7/2021,255,36,Vaibhav Bose
498,Auto,640007.08,32341.69,10/12/2021,7/12/2025,798,45,Taran Badami
499,Health,863102.89,34628.24,1/24/2023,9/19/2029,309,14,Pari Din
500,Auto,646234.18,13489.09,7/16/2024,1/8/2026,402,19,Indranil Venkatesh
501,Auto,149112.22,45406.07,2/5/2021,10/25/2023,978,16,Raunak Vala
502,Life,447297.02,15848.68,2/23/2023,1/3/2026,654,39,Bhamini Guha
503,Health,575457.85,48996.36,9/11/2021,8/7/2028,370,21,Adah Ramachandran
504,Health,448154.42,42753.8,8/2/2020,8/20/2025,431,24,Sumer Yogi
505,Auto,714647.84,39322.67,4/4/2020,10/7/2023,978,50,Shayak Chowdhury
506,Health,115020.46,8038.97,10/27/2022,3/7/2029,269,14,Indranil Thaman
507,Health,930321.36,47690.6,7/15/2021,4/15/2025,408,33,Onkar Kamdar
508,Life,665713.63,27547.2,5/30/2023,4/2/2027,426,28,Shanaya Uppal
509,Auto,462049.67,33824.18,11/14/2020,9/19/2023,551,40,Rasha Khosla
510,Health,349720.96,18945.81,2/13/2023,9/30/2023,524,14,Romil Rout
511,Health,582751.16,22582.92,7/19/2023,7/18/2028,650,49,Ranbir Swaminathan
512,Auto,712950.12,7975.18,10/30/2022,3/22/2029,716,28,Ivan Shukla
513,Auto,958085.18,15738.68,1/6/2021,1/8/2026,251,6,Rania Bains
514,Life,204387.92,32553.36,11/12/2022,12/11/2027,57,20,Pranay Borah
515,Auto,767524.16,38329.62,12/1/2022,5/16/2025,123,1,Hazel Bal
516,Auto,223490.62,5510.78,12/30/2022,4/22/2025,509,23,Anya Barman
517,Auto,565500.56,42012.81,3/11/2023,7/13/2023,266,11,Riaan Varghese
518,Life,214237.55,40150.58,2/26/2024,6/12/2029,276,47,Madhup Banerjee
519,Health,794287.26,6321.03,9/22/2020,1/4/2028,827,28,Gatik Ghosh
520,Life,571468.79,16832.73,1/13/2023,12/14/2025,999,37,Jivika Ramachandran
521,Auto,169363.03,25483.9,12/15/2022,7/12/2024,369,4,Divit Som
522,Life,873423.8,12509.66,7/4/2022,11/19/2024,162,17,Onkar Agate
523,Health,904841.58,35335.42,8/6/2020,7/3/2026,119,15,Parinaaz Shanker
524,Auto,557942.4,6981.71,1/9/2022,11/3/2023,884,1,Manjari Subramaniam
525,Health,141383.38,21378.94,4/26/2020,3/30/2029,943,10,Ira Arya
526,Health,938044.07,43586.83,4/27/2024,9/2/2028,567,46,Shayak Lall
527,Auto,690132.96,15103.19,12/11/2022,12/9/2025,255,27,Aaryahi De
528,Auto,387941.62,42169.86,7/13/2022,10/6/2024,586,24,Umang Singhal
529,Health,551836.85,45587.35,8/15/2023,7/3/2028,184,15,Pranay Bhavsar
530,Auto,983272.48,47933.57,10/10/2022,1/5/2029,71,30,Ishaan Raval
531,Life,796174.73,18981.4,9/28/2024,3/26/2025,89,36,Lakshit Handa
532,Life,107172.26,14030.2,4/24/2024,9/26/2025,578,20,Shaan Jaggi
533,Auto,660445.77,25876.7,3/8/2024,5/11/2026,606,32,Pari Lalla
534,Health,759217,29595.17,8/4/2022,2/11/2023,816,16,Elakshi Venkataraman
535,Health,105740.09,23451.62,6/21/2023,7/25/2027,239,35,Tarini Dutt
536,Life,672347.66,36205.74,10/12/2021,4/6/2022,10,22,Shamik Lanka
537,Health,783036.24,21932.37,11/7/2019,2/3/2029,756,47,Advika Lal
538,Life,193554.12,28841.65,1/10/2022,3/14/2025,244,27,Emir Vaidya
539,Life,965066.55,48765.17,9/11/2021,6/22/2027,146,46,Zaina Dhar
540,Life,183723.97,46457.35,4/25/2023,6/1/2027,919,34,Neelofar Saxena
541,Life,730762.22,21762.14,8/3/2024,8/20/2029,998,48,Anahi Ganguly
542,Health,622693.56,27744.25,4/4/2021,12/8/2024,653,26,Emir Anne
543,Health,632706.19,7802.73,11/16/2019,5/16/2022,679,9,Manjari Rege
544,Health,362508.42,43291.12,1/31/2023,9/13/2024,949,26,Devansh Suresh
545,Auto,848709.85,19681.32,7/24/2024,9/10/2028,464,18,Alisha Bala
546,Health,167218.69,14122.07,12/1/2022,8/25/2024,799,50,Arnav Manda
547,Auto,198075.55,9754.6,11/22/2021,2/3/2025,461,30,Madhup Sani
548,Life,465861.3,29116.6,12/22/2019,1/29/2021,988,50,Sahil Swamy
549,Health,506725.37,25850.6,4/8/2023,8/5/2025,873,8,Misha Khosla
550,Health,241853.84,35872.47,2/22/2021,1/22/2026,847,46,Nirvi Balakrishnan
551,Auto,642972.24,14675.94,8/7/2021,3/26/2025,878,21,Shaan Lanka
552,Health,182091.61,16169.85,12/4/2019,7/8/2026,365,26,Indrans Savant
553,Auto,144055.56,18447.83,4/5/2024,4/16/2029,840,12,Arnav Banik
554,Health,956886.95,43457.06,7/30/2020,5/2/2028,570,48,Kanav Wagle
555,Auto,324867.37,25791.95,2/3/2020,4/25/2024,824,9,Aniruddh Ranganathan
556,Health,110761.23,42366.75,9/18/2023,7/28/2024,228,9,Zain Thaman
557,Health,841306.07,21750.79,9/15/2023,9/24/2028,646,42,Ishita Kaul
558,Health,624091.42,16646.93,11/8/2023,10/15/2029,833,5,Anika Chokshi
559,Health,997445.28,13898.77,9/13/2020,10/12/2027,662,29,Alia Gera
560,Health,182780.77,43127.39,3/30/2021,8/1/2029,829,22,Zain Bajwa
561,Health,138426.69,25744.77,7/9/2020,4/3/2021,173,37,Yakshit Ray
562,Life,839516.86,22774.94,7/26/2023,7/27/2027,31,25,Baiju Acharya
563,Auto,483997.62,20927.45,9/25/2023,3/14/2024,931,12,Drishya Chokshi
564,Life,351869.1,44754.07,12/4/2020,3/24/2027,36,40,Vaibhav Sharaf
565,Auto,655279.45,34127.53,5/29/2020,8/31/2029,511,27,Uthkarsh Batta
566,Auto,531127.84,8947.47,10/31/2019,10/15/2028,393,9,Vedika Dara
567,Life,279512.03,44809.36,8/30/2023,1/4/2024,539,16,Charvi Balasubramanian
568,Auto,994678.55,29464.55,12/24/2019,9/6/2021,20,25,Indrajit Sheth
569,Auto,423200.9,29503.3,12/30/2020,4/1/2023,497,23,Jayan Sarna
570,Auto,552153.93,22477.16,3/3/2023,12/5/2027,185,2,Mannat Bail
571,Life,637404.72,6318.66,7/6/2022,4/29/2023,831,50,Gatik Thaman
572,Life,152732.11,49618.91,6/15/2020,9/29/2029,543,23,Sana Gulati
573,Auto,999645.17,48829.09,8/14/2024,4/14/2026,103,16,Samaira Raja
574,Auto,317037.52,29016.03,10/2/2020,11/3/2020,811,48,Anahi Kamdar
575,Health,787644.75,47651.11,3/17/2024,4/6/2028,590,25,Arnav Tripathi
576,Life,941685.43,49619.39,9/26/2020,7/11/2025,178,12,Dhanush Baria
577,Health,633267.56,41279.46,6/4/2023,5/16/2025,715,23,Jhanvi Borde
578,Auto,125385.91,36525.24,2/3/2021,4/7/2027,971,37,Jiya Halder
579,Auto,227892.06,47676.58,12/28/2021,7/25/2028,857,32,Kiara Gala
580,Auto,378147.76,27069.64,2/11/2024,6/24/2029,93,4,Gatik Kalita
581,Health,641496.51,5896.76,8/6/2023,11/1/2024,490,1,Chirag Yadav
582,Life,926106.57,14065.9,12/4/2023,2/3/2024,134,22,Shaan Date
583,Auto,259713.89,41109.1,5/14/2022,1/21/2029,890,21,Saksham Gade
584,Health,119721.61,31397.41,2/9/2020,10/11/2022,940,10,Seher Brar
585,Health,861832.8,43730.13,7/6/2020,4/30/2029,984,5,Shaan Thaman
586,Life,734084.21,34796.28,1/16/2022,6/16/2027,601,7,Shalv Sarin
587,Life,371588.64,11140.33,10/9/2023,9/15/2026,162,47,Aarav Wable
588,Life,812658.27,48229.79,4/3/2021,4/6/2026,665,21,Ojas Sachdev
589,Health,736464.63,30288.98,12/23/2020,2/8/2028,911,40,Nirvaan Grover
590,Life,300913.49,31502.76,4/30/2021,4/5/2023,180,25,Nirvi Kata
591,Life,760595.48,18253.28,7/12/2022,12/21/2024,182,47,Charvi Bhatia
592,Health,953909.29,47691.42,6/15/2021,10/5/2022,401,50,Indrans Anand
593,Auto,129144.47,32107.49,3/18/2023,12/22/2023,944,40,Mannat Suresh
594,Health,675682.1,9684.96,11/28/2020,2/25/2021,509,10,Emir Sood
595,Life,770809,15709.82,4/5/2024,10/17/2027,328,11,Aarna Thakur
596,Auto,896788.23,8992.67,9/26/2023,2/12/2026,726,43,Ela Wagle
597,Auto,756357.35,20108.73,3/23/2021,4/1/2024,12,17,Ishita Ahluwalia
598,Health,324586.78,8050.77,1/18/2024,9/15/2025,263,7,Azad Tiwari
599,Auto,101153.04,22367.17,5/7/2022,7/21/2027,751,27,Manikya Babu
600,Health,896096.8,27188.69,9/21/2024,1/5/2028,388,23,Vihaan Verma
601,Auto,437812.81,42296.31,8/16/2023,5/4/2027,808,37,Jiya Gulati
602,Auto,782419.19,15151.22,1/27/2020,9/26/2022,463,5,Nehmat Dugal
603,Health,365417.75,19342.26,5/25/2020,2/7/2021,975,7,Vritika Saxena
604,Health,407627.38,44956.91,12/29/2023,1/14/2025,165,47,Rohan Tara
605,Health,592341.63,45415.59,8/3/2022,10/9/2024,96,22,Navya Krishnamurthy
606,Auto,986748.49,45195.18,1/20/2022,4/15/2028,722,2,Yuvraj  Gera
607,Life,948198.03,12424.87,10/13/2023,9/16/2027,912,28,Nirvaan Sankaran
608,Health,148200.17,19899.26,8/19/2023,7/29/2024,998,13,Kiaan Datta
609,Life,727477.03,37491.71,3/23/2021,2/22/2029,748,35,Myra Upadhyay
610,Life,694538.1,18383.03,4/15/2021,3/8/2029,99,4,Hunar Srinivas
611,Life,614592.83,42793.45,4/12/2021,3/31/2029,158,4,Aaryahi Dyal
612,Life,103434.01,8943.28,12/27/2021,6/2/2028,844,43,Gokul Krish
613,Auto,640193.98,13985.37,5/25/2022,12/6/2028,27,14,Aaryahi Sankaran
614,Health,674371.59,48967.6,5/26/2022,4/24/2025,485,8,Neelofar Balan
615,Life,806388.92,26192.5,5/30/2021,12/31/2028,917,43,Saira Atwal
616,Life,182023.19,29485.67,2/14/2021,10/29/2022,190,24,Mehul Handa
617,Life,432461.5,25059.89,5/4/2023,2/10/2026,270,29,Taimur Yogi
618,Life,337060.73,42668.54,7/7/2021,3/24/2026,578,4,Madhav Bir
619,Health,777011.63,35036.08,12/2/2021,7/8/2024,88,43,Samaira Das
620,Life,827362.14,23629.4,8/29/2021,8/17/2024,775,38,Zeeshan Kurian
621,Health,598241.72,42835.87,3/7/2021,6/8/2023,839,34,Tejas Solanki
622,Life,969064.93,35918.06,12/3/2023,8/17/2029,959,31,Romil Ramakrishnan
623,Auto,893488.48,26431.8,1/25/2021,2/26/2021,81,26,Rati Rana
624,Auto,131255.64,30704.9,6/16/2024,6/18/2024,530,37,Krish Dada
625,Auto,984479.29,11635.14,10/10/2023,3/16/2029,973,49,Devansh Sule
626,Life,255591.08,49296.56,6/19/2020,9/6/2026,996,14,Anya Agrawal
627,Health,213567.4,24051.87,8/24/2020,12/6/2025,700,28,Farhan Baral
628,Health,997542.3,33225.18,10/31/2022,3/14/2029,855,39,Myra Gupta
629,Life,387774.54,37719.64,2/9/2021,9/17/2024,827,5,Sumer Dara
630,Health,449289.24,22880.97,2/16/2022,6/29/2023,334,18,Faiyaz Gola
631,Auto,512341.46,44305.98,6/10/2024,5/17/2028,806,45,Shayak Bahl
632,Auto,628818.48,40175.85,9/16/2024,4/3/2025,116,27,Krish Yadav
633,Health,233379.77,31457.04,8/14/2023,1/14/2029,777,7,Akarsh Gour
634,Health,606415.38,9544.57,7/16/2023,9/8/2028,293,35,Fateh Viswanathan
635,Life,890104.21,16886.15,12/15/2022,7/2/2023,671,32,Neysa Ramakrishnan
636,Auto,648065.94,6685.96,7/15/2024,4/28/2025,283,26,Aniruddh Rout
637,Health,656420.04,35636.58,9/20/2024,12/21/2026,412,3,Madhup Amble
638,Life,900616.79,19917.23,2/8/2020,6/21/2022,244,4,Aradhya Chowdhury
639,Auto,527696.37,17086.3,12/23/2020,3/20/2021,382,2,Shamik Issac
640,Life,835647.33,18637.47,8/13/2024,1/28/2027,288,32,Alia Rout
641,Auto,716366.82,48762.35,4/26/2023,8/29/2028,234,9,Ishita Agrawal
642,Life,976797.48,24939.98,4/11/2024,9/30/2025,846,21,Kiaan Butala
643,Life,755919.47,32224.06,2/24/2023,12/8/2026,92,13,Sara Chowdhury
644,Life,290251.45,42078.62,8/28/2020,2/24/2022,759,32,Nishith Baral
645,Auto,880470.07,41945.78,4/28/2020,2/16/2028,528,11,Manikya Vasa
646,Health,380010.78,27805.79,1/30/2024,2/16/2028,139,50,Raghav Bhagat
647,Auto,891399.33,6302.67,1/24/2022,4/19/2029,198,13,Adah Sen
648,Health,324541.24,25540.19,4/14/2022,6/4/2023,941,24,Aniruddh Sundaram
649,Auto,279198.8,21575.84,1/2/2023,9/14/2028,476,33,Sana Halder
650,Life,671868.83,10574.28,10/3/2020,7/16/2025,32,16,Dishani Sha
651,Life,539908.07,25074.65,7/8/2021,8/10/2028,984,31,Zain Kothari
652,Auto,596200.35,20491.21,5/11/2022,5/20/2028,858,17,Prisha Madan
653,Auto,847783.18,9067.64,6/19/2022,2/8/2025,29,25,Taimur Lata
654,Health,246616.67,30751.61,3/22/2022,10/22/2027,989,14,Pranay Dasgupta
655,Health,682641.9,35496.29,7/18/2024,7/6/2029,276,42,Ayesha Vyas
656,Life,561953.11,43908.35,8/30/2022,10/19/2023,991,50,Zaina Tata
657,Auto,108008.19,46018.19,3/7/2021,5/16/2026,663,12,Mahika Karnik
658,Auto,820778.33,15069.65,8/7/2024,4/29/2029,623,20,Kabir Sur
659,Auto,970322,33923.31,4/1/2022,2/19/2025,434,25,Rania Divan
660,Life,513098.22,14819.41,1/10/2020,10/12/2024,310,44,Gatik Anne
661,Auto,841879.74,22871.86,11/19/2019,10/19/2021,105,1,Myra Rajagopal
662,Auto,999486.44,48491.85,3/15/2023,3/17/2024,860,24,Tara Thakkar
663,Auto,682607.91,32407.25,10/30/2023,8/14/2027,306,44,Yasmin Dey
664,Health,533564.58,20132.76,12/19/2022,9/27/2024,284,41,Saira Ghose
665,Life,875342.44,16751.61,7/19/2023,7/12/2029,729,42,Veer Bhatt
666,Life,269524.07,28278.21,6/21/2023,7/11/2028,247,4,Vardaniya Chokshi
667,Auto,463688.58,19381.36,10/26/2021,8/21/2026,144,47,Zaina Dara
668,Health,689860.51,49886.11,11/16/2019,6/5/2020,266,27,Neysa Ghose
669,Life,449447.43,6589.36,10/16/2022,6/13/2024,726,37,Nirvi Chand
670,Health,408850.34,37101.62,12/11/2022,5/7/2026,703,35,Amani Upadhyay
671,Auto,806407.35,45793.69,12/13/2023,8/19/2029,688,23,Emir Chahal
672,Auto,370175.35,12649.4,11/8/2022,3/13/2024,674,36,Taran Lanka
673,Health,364405.65,26185.14,12/19/2023,3/27/2024,759,17,Madhup Batta
674,Auto,827509.48,39331.32,10/18/2020,11/10/2021,188,44,Stuvan Bhat
675,Life,688991.18,15001.41,12/23/2023,12/30/2025,229,48,Tejas Mallick
676,Life,478425.31,44907.96,6/21/2021,12/19/2024,381,17,Ritvik Thaman
677,Auto,364646.01,43304.62,8/4/2024,2/2/2026,482,4,Shayak Bassi
678,Auto,625217.16,47493.54,9/10/2022,5/4/2026,73,31,Sahil Choudhary
679,Health,550429.64,44037.4,7/4/2024,9/20/2028,391,34,Darshit Karnik
680,Life,471796.53,44188.21,5/20/2020,4/24/2024,155,9,Piya Wagle
681,Health,408402.9,49423.62,8/21/2021,8/7/2024,915,30,Bhavin Gill
682,Health,384745.11,37205.08,3/4/2022,10/2/2026,798,6,Shalv Kalita
683,Life,399366.5,49398.82,2/26/2021,5/21/2029,321,41,Manjari Kala
684,Health,104242.15,17308.75,3/10/2022,11/18/2023,780,50,Gatik Kale
685,Health,618651.02,12129.58,7/3/2020,2/16/2023,805,49,Nayantara Ram
686,Health,216465.36,24517.01,1/1/2021,2/28/2028,440,26,Ivana Din
687,Life,968795.06,22249.24,2/7/2021,2/18/2029,39,35,Shalv Behl
688,Health,757593.16,47753.09,6/24/2022,5/14/2024,914,21,Nirvi Kannan
689,Auto,271519.04,35453.67,12/18/2020,10/6/2021,642,47,Siya Goel
690,Health,303639.14,44464.33,2/10/2020,8/22/2026,320,9,Mannat Rajagopalan
691,Health,445195.43,31490.18,9/7/2020,11/14/2022,172,5,Sara Hora
692,Health,368382.03,18087.25,3/17/2024,1/5/2027,746,34,Riaan Baral
693,Auto,571705.88,24514.94,5/19/2023,10/22/2025,704,9,Lagan Bawa
694,Life,996525.02,27058.04,7/7/2020,12/30/2021,769,13,Vaibhav Shukla
695,Health,953275.92,46319.24,5/30/2024,2/11/2027,414,2,Aniruddh Chada
696,Health,301889.23,49319.58,2/3/2023,6/16/2029,217,47,Divyansh Lad
697,Health,630723.55,12604.31,2/26/2020,11/4/2026,376,46,Saanvi Das
698,Auto,812914.44,21883.66,4/13/2023,5/28/2025,656,17,Mehul Sani
699,Auto,660821.3,31726.58,12/11/2022,3/27/2029,50,43,Ira Gaba
700,Health,688210.86,5888.38,4/6/2021,9/21/2023,707,8,Aaryahi Tank
701,Life,499882.86,10561.78,10/25/2022,3/17/2026,259,31,Krish Saran
702,Auto,237814.39,36283.64,4/30/2020,10/26/2027,646,1,Yasmin Rao
703,Life,478784.31,9544.09,3/9/2024,11/29/2027,533,18,Neelofar Sampath
704,Auto,645070.9,11172.36,4/12/2022,8/17/2026,851,7,Pihu Dyal
705,Auto,746889.6,10298.06,2/8/2022,9/21/2024,117,7,Aniruddh Agate
706,Life,278782,13988.72,10/2/2023,3/30/2029,270,34,Vardaniya Ganguly
707,Health,422129.65,23439.03,8/21/2023,10/17/2027,165,3,Riaan Bhat
708,Auto,546719.24,14346.23,4/19/2022,11/14/2025,956,31,Divyansh Krishna
709,Life,311054.74,5573.72,8/3/2021,5/31/2022,92,8,Nirvaan Chaudhry
710,Auto,702119.74,11711.5,4/16/2021,7/13/2027,93,50,Vedika Walia
711,Auto,167543.39,37560.93,11/11/2021,11/12/2027,927,17,Kiaan Bahri
712,Auto,308044.26,49489.97,8/19/2022,7/8/2026,304,17,Anahi Sankaran
713,Life,145072.18,41593.03,2/7/2024,5/1/2027,896,3,Bhavin Karan
714,Life,424193.2,35454.49,4/19/2020,6/23/2023,437,48,Akarsh Kari
715,Health,185498.62,39119.18,1/19/2023,9/8/2026,47,1,Azad Hans
716,Health,697019.52,12673.05,9/12/2024,9/26/2027,367,29,Drishya Gole
717,Auto,341478.46,37988.06,1/22/2021,4/25/2028,382,22,Badal Kade
718,Health,202448.8,23011.26,3/1/2024,5/28/2029,468,18,Umang Ghose
719,Life,720912.19,26521.03,7/31/2021,9/26/2022,432,42,Tarini Datta
720,Health,201750.9,36327.64,1/10/2024,5/1/2026,61,11,Nehmat Savant
721,Health,474424.94,31583.76,1/4/2022,7/22/2022,822,37,Pari Deshpande
722,Auto,494346.52,32509.54,12/3/2019,5/5/2024,798,23,Jiya Kamdar
723,Auto,125934.61,35800.89,3/24/2024,8/21/2026,859,47,Samar Manne
724,Health,534771.69,26965.52,2/6/2023,7/11/2023,909,27,Aarush Wadhwa
725,Life,141375.09,16772.58,5/16/2020,10/7/2029,322,1,Aarush Yohannan
726,Auto,881499.04,28616.81,3/3/2024,4/28/2028,762,37,Vidur Raval
727,Auto,608511,49005.3,8/24/2021,3/1/2026,686,22,Kiara Chokshi
728,Auto,570792.86,36526.11,10/1/2024,12/25/2025,98,28,Dhanush Mandal
729,Auto,753986.77,26686.84,8/11/2020,3/20/2029,680,44,Jhanvi Trivedi
730,Auto,446388.96,42756.49,9/13/2020,10/15/2029,572,40,Lavanya Bhatt
731,Health,110480.38,47046.71,8/15/2020,8/27/2027,518,31,Aarav Bava
732,Life,882474.07,8368.94,4/7/2024,11/22/2024,504,21,Sara Golla
733,Health,397805.36,17517.07,9/8/2023,4/7/2027,520,15,Ehsaan Kumer
734,Auto,678985.58,23147.46,1/28/2020,12/1/2028,241,6,Riya Kannan
735,Life,499769.99,30786.57,7/9/2022,11/22/2028,91,32,Gokul Jha
736,Life,384455.37,49130.18,12/1/2020,2/15/2026,764,42,Shamik Bhatt
737,Health,192378.99,23555.23,3/18/2024,6/9/2029,571,36,Jayan Kumer
738,Health,843317.88,40630.25,9/18/2020,8/1/2027,987,40,Shayak Sundaram
739,Auto,374138.16,27875.2,6/26/2020,10/11/2028,212,42,Krish Barad
740,Auto,510587.13,20338.44,7/22/2021,4/7/2022,846,4,Riaan Mane
741,Health,859885.7,19938.77,11/23/2021,11/17/2022,786,40,Shaan Biswas
742,Auto,525820.31,34572.52,12/17/2023,9/17/2029,734,29,Yasmin Chand
743,Health,187693.32,34650.96,9/25/2022,8/24/2025,3,22,Ayesha Kakar
744,Life,846895.5,48399.52,12/13/2022,6/25/2023,299,36,Ela Vyas
745,Auto,436501.32,9784.5,11/20/2020,5/4/2026,919,11,Suhana Vyas
746,Life,226404.27,37258.53,5/29/2023,9/24/2028,739,27,Faiyaz Handa
747,Health,328860.38,13816.47,8/17/2021,9/12/2026,124,26,Amani Chad
748,Health,511341.41,40163.92,10/16/2023,8/8/2024,734,22,Ojas Loke
749,Health,781434.41,7092.52,6/15/2021,12/20/2024,649,44,Hazel Batra
750,Auto,210897.27,45128.95,6/18/2021,11/27/2023,469,43,Mehul Srinivasan
751,Auto,960571.29,11058.62,8/22/2022,11/2/2022,511,1,Krish Dhar
752,Auto,762592.54,29895.18,3/23/2023,4/30/2023,444,38,Sahil Rajagopalan
753,Life,931933.79,40148.67,5/4/2023,9/25/2028,933,12,Shaan Kapoor
754,Auto,620698.95,37872.26,5/14/2022,11/10/2027,132,7,Aaryahi Sarma
755,Life,691769.63,32277.23,6/26/2022,1/27/2025,330,33,Heer Bobal
756,Life,476798.27,32404.72,10/11/2020,7/17/2029,710,49,Madhav Rana
757,Health,346236.29,48361.71,7/18/2024,1/18/2026,994,19,Tara Bhatt
758,Life,824317.15,11218.1,8/11/2022,5/19/2025,617,45,Anaya Dey
759,Auto,561065.16,42938.35,2/22/2020,2/13/2026,561,21,Madhav Sodhi
760,Auto,763136.78,29911.17,5/10/2020,2/23/2026,223,13,Lakshay Dubey
761,Health,661750.83,18076.08,1/11/2023,3/16/2026,354,44,Inaaya  Sarraf
762,Health,983201.95,34253.89,5/4/2023,2/1/2026,982,12,Miraya Manda
763,Auto,588242.33,33659.48,6/14/2023,4/25/2029,728,8,Inaaya  Korpal
764,Life,606052.19,31226.28,1/25/2022,7/23/2024,966,43,Ayesha Baral
765,Auto,475730.14,38654.09,9/29/2021,5/12/2024,862,35,Ivan Gara
766,Life,889729.51,24007.39,10/30/2021,4/14/2027,14,34,Prerak Venkatesh
767,Health,122744.93,11539.7,7/18/2020,12/23/2020,687,4,Tushar Soni
768,Health,340280.44,40348.95,9/15/2023,11/8/2024,294,44,Aaina Tripathi
769,Life,231785.55,7791.48,1/21/2023,3/5/2026,804,19,Tarini Brar
770,Health,778234.55,6453.79,3/1/2020,4/29/2027,834,29,Mohanlal Bakshi
771,Health,654497.95,35398.67,10/24/2021,5/26/2029,576,15,Lakshit Guha
772,Auto,682407.5,22499.9,7/20/2023,5/1/2029,524,45,Amani Dave
773,Life,723642.47,7114.09,6/14/2022,8/27/2029,391,25,Arhaan Venkataraman
774,Life,961031.77,48912.02,7/21/2024,9/11/2026,321,36,Keya Keer
775,Health,111668.71,16310.35,11/3/2020,9/29/2022,636,50,Renee Bala
776,Life,846985.13,46016.89,11/28/2019,8/12/2023,722,46,Armaan Rastogi
777,Auto,430967.01,31477.34,11/21/2021,9/27/2024,757,39,Anvi Shah
778,Health,798532.07,48393.04,10/7/2020,1/10/2029,302,29,Piya Sethi
779,Health,985107.99,8351.1,12/14/2020,11/8/2021,986,12,Dhanush Salvi
780,Auto,562462.17,21973.92,11/23/2019,5/1/2027,439,18,Vivaan Dhaliwal
781,Auto,337815.64,12241.8,7/5/2023,6/25/2029,867,17,Divit Upadhyay
782,Health,397506.51,36936.02,1/26/2024,5/3/2026,159,3,Diya Subramanian
783,Health,935765.41,31859.61,2/15/2024,5/12/2028,793,41,Eshani Maharaj
784,Auto,858825.98,18551.97,2/27/2024,9/30/2026,809,37,Damini Rattan
785,Auto,422277.03,40281.42,12/26/2023,4/1/2029,326,34,Anahita Sarma
786,Health,961288.95,28427.28,9/29/2024,10/20/2028,806,33,Divyansh Dhingra
787,Health,474338.12,29166.62,7/16/2020,5/1/2028,95,23,Zeeshan Bandi
788,Health,895057.06,34850.05,4/6/2020,8/26/2026,340,24,Yasmin Chowdhury
789,Life,296600.76,38869.51,8/29/2024,9/3/2027,544,31,Akarsh Luthra
790,Auto,841319.56,49150.99,7/16/2021,8/9/2029,10,8,Tarini Koshy
791,Auto,411406.56,15815.65,3/13/2024,7/31/2027,658,40,Elakshi Varty
792,Auto,319444.45,6794.48,6/4/2023,1/12/2028,907,21,Hunar Andra
793,Life,924339.19,47524.45,12/24/2019,11/15/2023,396,17,Veer Tailor
794,Auto,751578.05,6111.76,8/14/2022,2/17/2023,530,50,Badal Vyas
795,Life,562878.16,27893.1,7/1/2022,9/8/2023,499,3,Divit Bava
796,Life,908453.45,13663.06,2/13/2022,7/16/2028,527,6,Arnav Sha
797,Health,250655.33,48032.43,7/28/2023,1/12/2027,551,35,Divit Swaminathan
798,Health,664239.77,14485.17,9/12/2021,7/15/2023,645,50,Jayesh Tripathi
799,Health,878455.77,24089.43,8/3/2024,12/27/2026,107,14,Anika Kamdar
800,Auto,845873.8,44538.68,4/2/2020,6/25/2024,760,50,Prisha Banik
801,Life,681905.04,47288.8,1/23/2020,3/31/2029,765,44,Vedika Raval
802,Health,121377.65,37259.07,8/17/2024,1/10/2026,39,6,Baiju Dora
803,Health,148841.26,40739.67,7/2/2022,4/2/2024,572,5,Hrishita Kapadia
804,Auto,839457.39,45994.4,3/11/2023,10/14/2023,418,25,Rania Sheth
805,Life,667195.54,24486.13,8/19/2024,6/12/2028,18,25,Ayesha Guha
806,Auto,206475.19,5265.45,2/5/2021,1/11/2023,738,40,Shamik Doctor
807,Health,780364.54,31352.36,7/13/2022,12/19/2025,718,5,Ranbir Sen
808,Life,935242.98,9776.1,9/24/2021,12/19/2028,806,44,Shray Shanker
809,Life,645909.26,17668.28,6/25/2021,6/6/2029,949,29,Piya Wable
810,Life,455601.93,34732.54,5/23/2022,2/21/2027,486,11,Nirvaan Bali
811,Auto,297879.15,38603.93,4/26/2021,9/19/2028,816,35,Arhaan Lad
812,Life,964120.84,11483.4,8/16/2022,7/13/2027,694,47,Sahil Bajwa
813,Auto,435817.46,47725.93,1/20/2020,1/13/2023,567,36,Ehsaan Sandhu
814,Health,210911.64,5226.34,8/22/2023,11/29/2023,611,26,Yuvaan Sehgal
815,Auto,592772.91,8830.71,12/10/2021,7/2/2023,216,48,Yasmin Korpal
816,Auto,913191.74,20473.32,11/30/2021,10/7/2023,423,42,Lagan Doctor
817,Auto,228209.61,13279.67,1/26/2021,5/14/2026,632,17,Riaan Wagle
818,Health,203160.29,35194.01,7/18/2023,8/5/2024,581,4,Vihaan Bumb
819,Auto,515138.68,29734.91,6/9/2020,8/10/2028,298,43,Mahika Varma
820,Health,325618.85,13883.79,4/22/2022,6/29/2028,595,32,Nayantara Ramaswamy
821,Life,421424.52,35208.3,4/24/2021,2/24/2022,241,7,Ehsaan Kota
822,Life,657564.2,45505.34,12/15/2020,5/22/2029,326,32,Hrishita Sinha
823,Life,395511.47,34674,12/8/2020,4/24/2022,711,38,Dhruv Zacharia
824,Health,608996.81,21402.2,11/20/2023,10/2/2026,324,28,Sana Korpal
825,Health,104348.69,16077.88,8/17/2024,3/19/2028,227,46,Dhanush Chowdhury
826,Auto,676754.69,17450.59,1/9/2021,9/6/2025,369,9,Nitara Verma
827,Auto,759675.52,44504.86,2/19/2022,2/16/2027,474,29,Dhanush Rastogi
828,Life,797290.27,26913.71,5/17/2023,4/27/2029,112,12,Divij Ramaswamy
829,Auto,645964.9,42880.68,3/5/2023,7/5/2026,880,9,Anya Batra
830,Auto,276788.74,38009.51,2/25/2022,2/19/2025,642,5,Baiju Kala
831,Auto,167859.96,5838.36,6/30/2022,5/13/2028,520,41,Vanya Kulkarni
832,Health,831378.16,31050.54,7/6/2023,11/23/2024,788,38,Ahana  Kumer
833,Health,915673.22,29821.73,12/19/2022,11/20/2028,557,35,Anahi Bava
834,Life,688517.33,11688.48,9/28/2023,10/14/2024,402,15,Chirag Mani
835,Auto,759904.14,18094.96,8/28/2024,4/25/2026,476,33,Bhamini Gupta
836,Auto,181498.62,21373.95,11/14/2023,11/17/2023,11,43,Navya Ahluwalia
837,Health,863183.66,41294.3,10/25/2019,12/21/2021,629,44,Neelofar Kanda
838,Health,781485.46,11316.68,9/17/2024,4/25/2028,164,12,Sara Devi
839,Auto,953840.65,34673.6,5/28/2022,4/8/2025,991,10,Ahana  Krishnan
840,Auto,758804.03,47262.89,4/9/2022,12/8/2023,42,15,Rati Ahluwalia
841,Life,308574.92,16896.07,9/1/2021,10/29/2026,240,3,Damini Ray
842,Auto,286096.67,45847.67,2/22/2020,4/16/2027,370,25,Aarna Yadav
843,Life,926111.75,44669.84,9/12/2022,10/14/2029,41,42,Sara Raju
844,Life,192902.51,48579.86,7/19/2020,9/28/2029,649,18,Hrishita Roy
845,Auto,336984.46,29495.75,5/22/2022,7/2/2027,179,25,Rasha Deshpande
846,Auto,440666.67,31445.55,6/12/2021,5/23/2027,920,5,Aarush Cheema
847,Auto,326427.77,48770.33,9/30/2024,12/12/2025,229,34,Uthkarsh Malhotra
848,Life,417608.21,44047.37,3/25/2023,6/29/2027,499,31,Anay Sabharwal
849,Auto,105937.92,44691.54,7/25/2021,7/25/2025,451,11,Umang Shan
850,Health,169379.4,33956.47,12/24/2023,6/30/2028,217,10,Vedika Varughese
851,Health,241621.62,32090.91,3/30/2022,1/11/2025,837,8,Renee Saran
852,Auto,307311.7,41502.77,2/2/2023,11/5/2025,738,8,Aarush Mann
853,Life,707706.48,26555.95,1/8/2021,6/15/2025,605,11,Reyansh Chauhan
854,Auto,850028.5,6010.07,12/16/2019,7/20/2028,45,9,Madhup Bhattacharyya
855,Auto,633112.89,11062.58,1/29/2021,1/10/2024,525,3,Amira Goyal
856,Auto,232178.59,12485.36,12/19/2019,5/13/2024,945,12,Hiran Bumb
857,Auto,962414.5,31971.09,5/22/2023,9/24/2026,578,41,Suhana Dar
858,Health,890658.08,37758.84,12/24/2022,3/12/2029,842,19,Kaira Dey
859,Health,294934.08,32293.67,6/26/2022,8/18/2025,483,31,Mehul Bawa
860,Health,297427.43,23484.51,3/29/2022,10/15/2028,147,38,Nirvi Kala
861,Health,660890.57,27986.22,5/23/2023,11/23/2024,172,47,Zara Saha
862,Auto,408404.15,25406.16,12/15/2021,2/18/2026,605,5,Aaryahi Agarwal
863,Health,440390.22,10949.59,7/7/2021,3/28/2026,17,13,Zara Sangha
864,Auto,873632.52,27696.18,1/28/2024,7/30/2024,430,10,Darshit Balasubramanian
865,Auto,186668.72,26414.11,3/21/2020,9/4/2022,630,39,Saksham Lall
866,Health,889977.37,28914.35,4/17/2024,12/9/2027,771,8,Faiyaz Rau
867,Health,534016.84,10864.8,9/18/2023,4/14/2029,618,35,Kismat Ramachandran
868,Health,907272.06,39869.17,2/11/2023,4/28/2028,665,28,Lavanya Das
869,Auto,478615.62,44367.09,9/15/2021,2/19/2028,715,34,Nirvaan Krishnan
870,Life,306537.63,41103.51,6/19/2021,8/17/2027,809,50,Eshani Kapoor
871,Life,415466.03,41207.95,6/16/2023,3/1/2028,930,49,Ishita Sem
872,Auto,618508.74,24147.02,3/12/2023,8/19/2027,261,31,Shray Kunda
873,Health,919076.82,8771.79,11/5/2020,6/16/2028,613,35,Ivana Virk
874,Life,332024.48,5246.13,6/29/2023,1/27/2028,762,1,Uthkarsh Ghosh
875,Auto,570286.57,28389.28,5/3/2021,8/27/2027,385,42,Nishith Ganesan
876,Health,718990.06,19215.58,2/13/2020,6/21/2028,371,7,Anvi Magar
877,Health,483464.43,31341.66,12/22/2023,12/14/2025,268,35,Himmat Bhandari
878,Life,608203.21,32534.63,9/25/2024,3/7/2029,697,26,Uthkarsh Kuruvilla
879,Health,471905.34,40270.48,12/23/2021,10/4/2029,495,12,Aniruddh Sama
880,Life,603184.45,26769.21,6/23/2021,5/20/2029,315,37,Riaan Chakrabarti
881,Life,796775.04,22915.84,10/15/2022,4/11/2023,142,43,Anahi Bose
882,Health,773032.78,25096.77,2/11/2021,1/23/2028,717,11,Kabir Loke
883,Health,293012.33,23025.24,7/20/2020,7/6/2021,347,36,Yuvaan Kannan
884,Auto,727351.67,36805.55,9/9/2023,6/20/2027,165,25,Ahana  Sampath
885,Auto,104761.57,9098.99,10/1/2021,9/18/2027,149,31,Dhanuk Lata
886,Auto,491839.69,7883.62,5/18/2020,2/24/2021,228,24,Nehmat Mani
887,Health,648125.98,37602.26,7/12/2023,10/11/2025,954,26,Damini Subramaniam
888,Auto,690557.71,17891.12,9/7/2024,7/9/2029,987,39,Madhav Babu
889,Health,951144.27,41910.29,11/17/2022,9/16/2024,656,32,Ranbir Bail
890,Life,109639.36,43275.54,5/31/2023,10/2/2024,954,34,Hiran Hari
891,Life,275271.85,40278.18,10/19/2020,9/27/2021,523,34,Nakul Borra
892,Auto,308503.88,12626.73,3/7/2022,11/28/2026,37,24,Charvi Chandra
893,Health,689517.21,48904.07,2/12/2023,2/3/2026,89,18,Eva Loyal
894,Life,417814.9,22781.44,2/17/2022,10/6/2028,601,13,Mannat Loyal
895,Auto,113829.87,36662.99,4/13/2023,9/11/2029,942,6,Dhanush Cherian
896,Auto,356044.41,42339.42,1/1/2021,2/15/2026,937,38,Yakshit Dani
897,Life,412727.58,41698.17,11/25/2022,12/2/2026,232,39,Prerak Kaur
898,Health,509283.11,23178.04,3/25/2023,12/17/2024,5,17,Anika Singhal
899,Health,466421.16,9790.92,1/21/2021,10/22/2027,75,33,Arhaan Ahluwalia
900,Life,405969.3,10265.4,10/4/2023,12/11/2024,526,17,Manikya Kumar
901,Auto,831832.61,30870.22,10/27/2022,4/14/2027,711,29,Anay Mann
902,Life,606851.74,39648.52,2/24/2024,10/18/2027,776,22,Piya Sarma
903,Life,713435.21,45343.57,8/21/2024,1/3/2026,883,2,Neelofar Sur
904,Life,204641.47,8039.94,6/19/2022,5/2/2028,649,15,Shaan Bali
905,Auto,731058.49,41007.26,1/28/2022,4/26/2027,423,23,Sahil Krishnamurthy
906,Auto,582086.72,36536.83,10/11/2023,9/4/2025,270,16,Saira Raman
907,Life,183708.49,35316.41,12/14/2023,2/20/2027,841,22,Mamooty Toor
908,Health,599096.35,13031.86,3/30/2022,1/1/2029,322,23,Miraan Halder
909,Health,904884.63,17108.41,4/20/2022,7/24/2027,970,48,Divyansh Sehgal
910,Auto,937229.74,13557.54,4/29/2020,8/13/2028,755,13,Saira Mangat
911,Health,761886.16,44273.41,8/2/2023,6/20/2027,212,15,Indrajit Buch
912,Health,851446.43,42635.06,1/2/2021,4/22/2028,365,10,Uthkarsh Sethi
913,Health,207890.64,8531.94,7/9/2020,1/10/2026,979,43,Miraan Badal
914,Life,652444.28,39390.99,11/22/2019,5/28/2022,555,3,Aayush Bir
915,Life,434076.88,19193.76,9/19/2023,10/21/2026,920,37,Anika Upadhyay
916,Life,541724.82,49297.76,5/16/2023,7/27/2028,938,33,Tarini Warrior
917,Life,458091.55,38757.62,7/9/2023,6/2/2029,132,4,Heer Saraf
918,Auto,819342.93,26524.4,2/18/2020,7/24/2025,554,3,Ojas Gola
919,Auto,412560.07,43718.01,11/5/2021,4/2/2029,795,12,Nehmat Rajan
920,Life,978856.48,36421.01,11/20/2019,11/16/2021,472,21,Ela Walla
921,Auto,107576.74,35334.64,5/26/2020,1/13/2023,389,38,Charvi Garg
922,Health,392892.58,32575.01,11/9/2019,10/13/2020,266,12,Yuvaan Ramesh
923,Auto,336564.13,17123.37,6/28/2020,5/30/2026,982,40,Eva Wagle
924,Life,429331.74,27444.65,10/1/2022,8/1/2027,216,27,Keya Warrior
925,Auto,776976.19,21428.51,2/19/2021,7/31/2023,411,18,Onkar Dutta
926,Life,261900.31,10901.26,10/30/2022,7/16/2026,590,44,Jivin Cherian
927,Health,832771.6,37436.7,5/6/2021,6/5/2022,824,16,Romil Sharaf
928,Auto,488996.88,22139.75,5/12/2024,8/4/2029,150,48,Ranbir Sinha
929,Health,525688.32,5438.4,7/7/2020,9/27/2023,432,32,Neysa Basak
930,Health,996005.59,43222.55,8/10/2023,1/10/2027,530,35,Lakshay Bal
931,Auto,384154.52,26897.91,10/30/2021,7/9/2026,257,36,Samar Kalla
932,Auto,142938.37,9453.87,10/7/2024,7/20/2027,168,4,Anya Ahuja
933,Health,832436.26,26444.27,10/10/2022,1/18/2029,645,7,Kismat Goyal
934,Life,770133.9,16689.61,5/10/2020,7/29/2020,369,36,Lakshay Jha
935,Auto,938660.12,16597.17,10/2/2020,11/1/2021,21,27,Ela Varkey
936,Health,415981.44,35581.36,12/4/2023,5/26/2026,621,13,Renee Swamy
937,Auto,618305.01,34210.89,1/29/2024,8/3/2029,179,50,Chirag Karan
938,Life,419598.13,35293.68,6/4/2021,10/9/2029,500,50,Piya Guha
939,Auto,502237.11,8528.34,9/19/2024,9/1/2026,629,19,Darshit Devi
940,Life,668540.97,11518.18,6/22/2022,8/7/2023,172,41,Zara Lad
941,Life,479634.84,32553.96,10/5/2024,9/12/2029,415,5,Himmat Krishnan
942,Health,245799.54,15269.81,9/14/2024,9/12/2026,325,42,Vanya Rege
943,Life,739390.14,32242.32,5/24/2021,2/3/2026,405,18,Bhavin Gole
944,Life,802876.63,47244.64,1/11/2021,4/20/2022,766,38,Badal Dyal
945,Auto,968973.43,23629.51,1/23/2023,7/4/2023,189,2,Shanaya Bera
946,Health,754995.17,34791.01,8/28/2024,6/22/2025,964,48,Neysa Jayaraman
947,Auto,774765.76,14475.72,4/3/2020,9/21/2024,407,7,Shanaya Lalla
948,Health,157413.16,44541.09,8/17/2024,3/17/2028,562,4,Prerak Ramesh
949,Health,793840.33,28579.23,6/29/2024,1/26/2025,86,7,Purab Amble
950,Life,656291.95,8794.01,11/10/2021,6/25/2026,954,25,Sumer Dube
951,Life,306420.36,38191.7,9/16/2023,4/18/2024,454,41,Charvi Rege
952,Health,218149.4,42733.3,3/28/2020,7/31/2026,30,3,Diya Karnik
953,Auto,421157.12,46187.26,5/28/2022,11/28/2026,885,31,Armaan Ganguly
954,Life,977483.39,29326.29,3/13/2023,6/7/2026,279,36,Mamooty Atwal
955,Life,221603.42,47681.88,3/15/2020,7/10/2026,553,12,Aarush Master
956,Auto,637825.78,33397.14,6/6/2022,9/28/2024,652,37,Emir Gole
957,Life,571113.82,33778.77,11/22/2019,7/19/2021,318,23,Vanya Samra
958,Life,585701.31,41211.85,9/7/2021,6/25/2029,453,20,Baiju Joshi
959,Life,470983.43,12007.29,2/28/2023,7/3/2028,11,1,Uthkarsh Kalita
960,Auto,833841.81,43157.59,4/9/2020,5/25/2026,353,19,Stuvan Ranganathan
961,Life,581589,35949.65,12/24/2019,9/4/2028,504,49,Nayantara Grewal
962,Life,369649.47,39464.11,9/12/2023,5/4/2027,818,19,Aradhya Luthra
963,Auto,308093.85,5324.81,9/8/2024,7/1/2026,383,13,Kaira Sarma
964,Life,893945.86,24669.79,12/1/2021,11/18/2026,256,11,Lavanya Dube
965,Auto,763406.07,22537.55,12/13/2023,3/20/2026,388,15,Anahi Borra
966,Life,171288.76,33139.54,8/16/2024,9/3/2029,530,49,Renee Chandran
967,Auto,826817.45,35808.81,7/28/2022,11/13/2023,292,42,Rania Subramanian
968,Auto,578749.84,17096.99,8/15/2024,12/2/2027,193,5,Kiara Bhatia
969,Health,222961.63,9966.04,1/12/2020,5/19/2022,467,40,Aarna Srinivas
970,Life,344920.72,33023.92,2/12/2022,5/6/2026,193,21,Tarini Sodhi
971,Health,236934.37,48637.23,6/5/2022,1/7/2024,23,12,Pari Sachdev
972,Health,353903.08,10626.76,9/27/2021,3/4/2023,449,47,Divyansh Barad
973,Health,309529.45,11780.77,9/28/2024,2/27/2025,506,14,Adira Sabharwal
974,Life,478218.72,40357.64,5/7/2023,1/28/2029,511,24,Miraan Kibe
975,Life,727241.32,6428.17,8/19/2023,4/6/2025,83,49,Vardaniya Choudhary
976,Health,150434.51,39904.38,12/3/2021,12/26/2021,74,35,Divyansh Deep
977,Life,263443.36,45306.45,12/13/2022,4/30/2024,257,25,Ayesha Loke
978,Health,209765.4,39566.56,11/30/2019,6/10/2023,255,25,Veer Chopra
979,Life,322445.97,49754.09,6/21/2021,9/30/2027,204,30,Drishya Kant
980,Auto,793896.37,28451.26,1/19/2022,6/8/2027,214,31,Zaina Gopal
981,Life,713298.09,19044.92,5/8/2023,1/25/2026,331,11,Ishita Hegde
982,Auto,755413.37,38512.61,4/29/2023,10/16/2029,563,34,Siya Sahni
983,Health,327981.47,33733.4,8/22/2022,5/8/2027,204,24,Arhaan Bakshi
984,Health,877291.9,14800.47,11/13/2022,8/6/2027,116,16,Rati Shetty
985,Auto,490745.49,5678.05,8/19/2021,4/6/2026,814,18,Shaan Keer
986,Auto,207684.63,40511.47,12/21/2022,6/4/2023,10,3,Saksham Deshmukh
987,Auto,805127.72,26387.18,9/6/2021,7/3/2027,611,10,Amani Madan
988,Life,793717.3,16192.5,9/15/2020,7/18/2021,512,6,Amani Rao
989,Auto,656780.37,46888.2,2/17/2022,5/25/2027,778,41,Yasmin Dhaliwal
990,Health,153797.62,34005.87,4/25/2024,9/25/2028,719,35,Shray Sami
991,Health,213244.71,15470.36,10/9/2020,10/15/2025,572,42,Aaryahi Jani
992,Life,824972.84,24742.35,8/3/2020,5/23/2026,198,2,Faiyaz Karan
993,Auto,439992.04,37597.96,8/5/2020,3/13/2021,257,3,Yuvraj  Gopal
994,Life,735963.38,30156.12,5/2/2023,7/14/2024,556,45,Vihaan Kala
995,Life,270798.25,13398.2,5/13/2024,1/25/2029,357,21,Riaan Varty
996,Auto,521555.25,44044.78,6/21/2022,2/22/2028,614,36,Miraan Soni
997,Health,161988.93,11976.15,3/13/2023,1/23/2025,303,17,Zaina Kothari
998,Auto,430401.44,5032.39,6/4/2023,2/10/2027,654,33,Lavanya Rao
999,Life,760291.97,44731.96,10/19/2022,1/21/2028,635,24,Jayan Saini
1000,Auto,314907.9,37445.16,9/30/2021,2/3/2024,675,35,Urvi Sur
